23790,AFR 213 - 01,Race Relatns&Racial Inequality,20,10 / 30,Founders Hall 126,07:00 pm - 09:30 pm,W,Ophera Davis,,SBA,More
24287,AFR 222 - 01,Blacks & Women in Amer Cinema,30,0 / 30,Founders Hall 120,07:00 pm - 09:30 pm,T,Pashington Obeng,,ARS,More
24462,AFR 228 - 01,Black Fem Philosophy,30,0 / 30,Founders Hall 423,02:50 pm - 04:00 pm,MTh,Lindsey Stewart,,REP,More
23798,AFR 237 - 01,Breaking the Glass Ceiling,15,0 / 15,Clapp Library 209,11:10 am - 12:20 pm,TF,Ophera Davis,,SBA,More
24288,AFR 243 - 01,The Black Church,16,9 / 25,Founders Hall 126,01:30 pm - 04:00 pm,Th,Pashington Obeng,,"ARS, REP",More
24289,AFR 266 - 01,Black Drama,8,17 / 25,Clapp Library 148,07:00 pm - 09:30 pm,M,Selwyn Cudjoe,,ARS,More
24030,AFR 295 - 01,Harlem Renaissance,20,0 / 20,Green Hall 136C,02:50 pm - 04:00 pm,MTh,Octavio Gonzalez,,"HS, LL",More
24290,AFR 301 - 01,Sem: South Africa,1,24 / 25,Founders Hall 121,02:15 pm - 04:45 pm,W,Filomina Steady,,SBA,More
22222,AFR 306 - 01,Urban Development & Underclass,11,9 / 20,Founders Hall 121,01:30 pm - 04:00 pm,M,Filomina Steady,,SBA,More
24291,AFR 320 - 01,Sem: Blackness in Am. Lit.,9,7 / 16,Clapp Library 148,01:30 pm - 04:00 pm,T,Selwyn Cudjoe,,LL,More
24481,AMST 117 - 01,Musical Theater,50,0 / 50,Founders Hall 120,11:10 am - 12:20 pm,TF,Lawrence Rosenwald,,LL,More
24292,AMST 212 - 01,Korean-American Lit. & Culture,8,17 / 25,Founders Hall 225,02:15 pm - 04:45 pm,W,Ellen Widmer,,LL,More
24470,AMST 217 - 01,Latina/o Music and Identity,12,8 / 20,Pendleton Hall East 127,11:10 am - 12:20 pm,MTh,Petra Rivera-Rideau,,SBA,More
23804,AMST 220 - 01,Liberty and Morality,6,24 / 30,Pendleton Hall East 351,01:30 pm - 04:00 pm,T,Thomas Cushman,Jonathan Imber,SBA,More
24293,AMST 222 - 01,Asian American Psychology,21,9 / 30,Science Center 270,01:30 pm - 02:40 pm,TF,Stephen Chen,,SBA,More
23797,AMST 225 - 01,Urban Studies and Policy,15,15 / 30,Pendleton Hall East 239,08:30 am - 09:40 am,MTh,Peggy Levitt,,SBA,More
24529,AMST 228 - 01,Religious Themes Amer Fiction,13,12 / 25,Founders Hall 307,02:50 pm - 04:00 pm,MTh,Stephen Marini,,"LL, REP",More
24483,AMST 231 - 01,Americans in Paris (in Eng),16,4 / 20,Green Hall 130,11:10 am - 12:20 pm,TF,Venita Datta,Paul Fisher,LL,More
24294,AMST 240 - 01,Rise of an American Empire,8,17 / 25,Founders Hall 207,01:30 pm - 02:40 pm,TF,Paul Fisher,,"HS, LL",More
24507,AMST 283 - 01,Tpc: New Orleans,13,17 / 30,Founders Hall 120,04:10 pm - 05:20 pm,MTh,Luther Tyler,,LL,More
23401,AMST 315 - 01,"Beats, Rhymes, and Life",15,0 / 15,Alumnae Hall 102,02:15 pm - 04:45 pm,W,Michael Jeffries,,SBA,More
24295,AMST 320 - 01,Sem: Blackness in Am. Lit.,9,7 / 16,Clapp Library 148,01:30 pm - 04:00 pm,T,Selwyn Cudjoe,,LL,More
24471,AMST 325 - 01,Race in Puerto Rico,3,12 / 15,Pendleton Hall East 151,01:30 pm - 04:00 pm,Th,Petra Rivera-Rideau,,SBA,More
24515,AMST 365 - 01,Visions of American City,8,12 / 20,Founders Hall 317,11:10 am - 12:20 pm,TF,Kathleen Brogan,,LL,More
20289,ANTH 104 - 01,Intro Cultural/Social Anth,26,4 / 30,Pendleton Hall East 239,11:10 am - 12:20 pm,TF,Susan Ellison,,SBA,More
23806,ANTH 204 - 01,Physical Anthropology,17,8 / 25,Pendleton Hall East 216,09:50 am - 11:00 am,MTh,Adam Van Arsdale,,SBA,More
22823,ANTH 209 - 01,Forensic Anthropology w/Lab,40,2 / 42,Pendleton Hall East 239,11:10 am - 12:20 pm,MTh,Adam Van Arsdale,,NPS,More
24035,ANTH 209 - L01,LAB: Forensic Anthropology,18,4 / 22,Science Center 314,09:50 am - 11:00 am,W,Adam Van Arsdale,,NPS,More
24036,ANTH 209 - L02,LAB: Forensic Anthropology,22,0 / 22,Science Center 314,11:10 am - 12:20 pm,W,Adam Van Arsdale,,NPS,More
23818,ANTH 232 - 01,Anthropology of Media,15,0 / 15,Pendleton Hall West 001,09:50 am - 11:00 am,TF,Deborah Matzner,,SBA,More
24482,ANTH 246 - 01,Digital Ancient Egypt,7,8 / 15,Pendleton Hall East 129,02:50 pm - 04:00 pm,MTh,Elizabeth Minor,,SBA,More
23820,ANTH 251 - 01,Cultures of Cancer,25,0 / 25,Pendleton Hall East 327,06:00 pm - 08:30 pm,Th,Anastasia Karakasidou,,SBA,More
24296,ANTH 278 - 01,"Making, Using and Living",20,0 / 20,Pendleton Hall East 349,09:50 am - 11:00 am,MTh,Justin Armstrong,,SBA,More
20642,ANTH 300 - 01,Ethnographic Methods & Writing,5,25 / 30,Founders Hall 319,01:30 pm - 04:00 pm,T,Deborah Matzner,,SBA,More
24297,ANTH 319 - 01,"Nationlsm,Pols & Remote Past",8,7 / 15,Pendleton Hall East 251,06:00 pm - 08:30 pm,T,Anastasia Karakasidou,,"HS, SBA",More
24298,ANTH 346 - 01,Sem: Political Lives of NGOs,15,0 / 15,Pendleton Hall East 349,01:30 pm - 04:00 pm,W,Susan Ellison,,SBA,More
20658,ARAB 102 - 01,Elementary Arabic,14,1 / 15,Green Hall 428,08:30 am - 09:40 am,MTWTh,Daniel Zitnick,,,More
20969,ARAB 102 - 02,Elementary Arabic,13,2 / 15,Green Hall 428,09:50 am - 11:00 am,MTWTh,Daniel Zitnick,,,More
20659,ARAB 202 - 01,Intermediate Arabic,12,3 / 15,Founders Hall 322A,08:30 am - 09:40 am,MWTh,Rachid Aadnani,,LL,More
21382,ARAB 202 - 02,Intermediate Arabic,12,3 / 15,Founders Hall 322A,09:50 am - 11:00 am,MWTh,Rachid Aadnani,,LL,More
24299,ARAB 210 - 01,Intro Arabic Lit inTranslation,11,9 / 20,Green Hall 136A,02:15 pm - 04:45 pm,W,Rachid Aadnani,,LL,More
24300,ARAB 307 - 01,Classical Arabic Literature,7,5 / 12,Clapp Library SANGER,09:50 am - 12:20 pm,W,Louise Marlow,,LL,More
24301,ARTH 100 - 01,Intro: Art and its Histories,18,0 / 18,Jewett Art Center 450,08:30 am - 09:40 am,MTh,Elizabeth Oliver,,ARS,More
24516,ARTH 100 - 02,Intro: Art and its Histories,18,0 / 18,Jewett Art Center 452,11:10 am - 12:20 pm,MTh,Kimberly Cassibry,,ARS,More
24517,ARTH 100 - 03,Intro: Art and its Histories,18,0 / 18,Jewett Art Center 454,01:30 pm - 02:40 pm,TF,Patricia Berman,,ARS,More
24302,ARTH 203 - 01,"Iraq's Antiquities, Then&Now",24,6 / 30,Jewett Art Center 450,06:00 pm - 08:30 pm,M,Kimberly Cassibry,,ARS,More
24473,ARTH 206 - 01,"American Art, Arch & Design",6,14 / 20,Jewett Art Center 450,02:50 pm - 04:00 pm,MTh,Martha McNamara,,ARS,More
24303,ARTH 225 - 01,Modern Art Since 1945,38,2 / 40,Collins Cinema CIN,11:10 am - 12:20 pm,TF,Patricia Berman,,ARS,More
24304,ARTH 228 - 01,Modern Architecture,21,9 / 30,Jewett Art Center 450,06:00 pm - 08:30 pm,T,Alice Friedman,,ARS,More
24305,ARTH 255 - 01,Twentieth-Century Chinese Art,11,9 / 20,Jewett Art Center 450,09:50 am - 11:00 am,MTh,Heping Liu,,ARS,More
24306,ARTH 259 - 01,Art & Arch.Europ.Enlightenment,20,0 / 20,Jewett Art Center 450,01:30 pm - 02:40 pm,MTh,Elizabeth Oliver,,ARS,More
24307,ARTH 299 - 01,History of the Book,11,1 / 12,Clapp Library 417,09:50 am - 11:00 am,TF,Ruth Rogers,,ARS,More
23420,ARTH 309 - 01,Sem:Tpc: Woman & Modern House,13,0 / 13,Jewett Art Center 454,02:15 pm - 04:45 pm,W,Alice Friedman,,ARS,More
24509,ARTH 330 - 01,Sem:Tpc: Michelangelo,8,5 / 13,Jewett Art Center 454,09:50 am - 12:20 pm,W,Jacqueline Musacchio,,ARS,More
24308,ARTH 341 - 01,Sem: Landscape Painting,8,5 / 13,Jewett Art Center 454,06:00 pm - 08:30 pm,Th,Heping Liu,,ARS,More
20043,ARTS 105 - 01,Drawing I,11,7 / 18,Pendleton Hall West 202,09:50 am - 12:20 pm,MTh,Alexandria Smith,,ARS,More
20052,ARTS 105 - 02,Drawing I,18,0 / 18,Pendleton Hall West 202,09:50 am - 12:20 pm,TF,Carlos Dorrien,,ARS,More
20054,ARTS 108 - 01,Photography I,13,1 / 14,Jewett Art Center 457,01:30 pm - 04:00 pm,TF,,,ARS,More
24484,ARTS 109 - 01,Basic 2-D Design,18,0 / 18,Pendleton Hall West 102,09:50 am - 12:20 pm,TF,David Olsen,,ARS,More
24309,ARTS 113 - 01,Basic 3-D Design,15,0 / 15,Pendleton Hall West 102,09:50 am - 12:20 pm,MTh,Andrew Mowbray,,ARS,More
20263,ARTS 165 - 01,Intro to Moving Image,0,12 / 12,Pendleton Hall West 309,06:30 pm - 09:00 pm,MTh,Jesse Green,,ARS,More
23917,ARTS 216 - 01,Spatial Investigations,12,3 / 15,Pendleton Hall West 203,01:30 pm - 04:00 pm,MTh,Andrew Mowbray,,ARS,More
20718,ARTS 217 - 01,Life Drawing,16,2 / 18,Pendleton Hall West 208  Pendleton Hall West 208,06:00 pm - 08:30 pm 02:15 pm - 04:45 pm,W W,Daniela Rivera,,ARS,More
24485,ARTS 218 - 01,Intro Painting,6,9 / 15,Jewett Art Center 244,01:30 pm - 04:00 pm,MTh,Alexandria Smith,,ARS,More
23427,ARTS 221 - 01,Digital Imaging,16,0 / 10,Jewett Art Center 247,01:30 pm - 04:00 pm,TF,David Olsen,,ARS,More
20486,ARTS 307 - 01,Advanced Sculpture,4,14 / 18,Pendleton Hall West 106,01:30 pm - 04:00 pm,TF,Carlos Dorrien,,ARS,More
23905,ARTS 308 - 01,Photography III,3,12 / 15,Pendleton Hall West 309,09:50 am - 12:20 pm,TF,,,ARS,More
21137,ARTS 315 - 01,Advanced Painting,6,9 / 15,Pendleton Hall West 211,12:30 pm - 05:20 pm,Th,Daniela Rivera,,ARS,More
24475,ARTS 323 - 01,Advanced Graphic Projects,6,6 / 12,Pendleton Hall West 312,06:30 pm - 09:00 pm,MTh,Phyllis McGibbon,,ARS,More
20858,ASTR 101 - 01,"Intro to Stars,Galaxies,Cosmol",36,0 / 36,Observatory 114,08:30 am - 09:40 am,MTh,Richard French,,"MM, NPS",More
24554,ASTR 101 - 02,"Intro to Stars,Galaxies,Cosmol",36,0 / 36,Observatory 114,11:10 am - 12:20 pm,MTh,Richard French,,"MM, NPS",More
22249,ASTR 102 - 01,LAB: Intro to Astronomy,12,0 / 12,Observatory 123,08:30 pm - 10:30 pm,T,Stephen Slivan,,,More
22250,ASTR 102 - 02,LAB: Intro to Astronomy,9,3 / 12,Observatory 123,08:30 pm - 10:30 pm,W,Stephen Slivan,,,More
22251,ASTR 102 - 03,LAB: Intro to Astronomy,6,6 / 12,Observatory 123,08:30 pm - 10:30 pm,Th,Stephen Slivan,,,More
24276,ASTR 110 - 01,FYS: Einstein & the Dark Univ,12,0 / 12,Science Center E111,03:00 pm - 04:30 pm,MTh,James Battat,,"MM, NPS",More
24310,ASTR 203 - 01,Planetary Geology,20,0 / 20,Observatory 114,02:50 pm - 04:00 pm,TF,Wesley Watters,,NPS,More
24311,ASTR 210 - 01,Cosmology,15,5 / 20,Observatory 114,11:10 am - 12:20 pm,TF,Kim McLeod,,"MM, NPS",More
24313,ASTR 303 - 01,Advanced Planetary Geology,20,0 / 20,Observatory 114,02:50 pm - 04:00 pm,TF,Wesley Watters,,NPS,More
24576,BABS 1000 - 01,Intro to Financial Accounting,0,20 / 20,Pendleton Hall East 139,06:00 pm - 09:30 pm,Th,,,,More
22157,BIOC 220 - 01,Cell Biology w/Lab,53,7 / 60,Science Center 278,09:50 am - 11:00 am,MTh,Louise Darling,John Goss,NPS,More
22164,BIOC 220 - L01,LAB: Cell Biology,12,0 / 12,Science Center 304,01:30 pm - 05:00 pm,M,Louise Darling,,NPS,More
22165,BIOC 220 - L02,LAB: Cell Biology,12,0 / 12,Science Center 304,12:30 pm - 04:00 pm,T,Melissa Beers,,NPS,More
22166,BIOC 220 - L03,LAB: Cell Biology,11,1 / 12,Science Center 304,02:15 pm - 05:45 pm,W,Louise Darling,,NPS,More
23043,BIOC 220 - L04,LAB: Cell Biology,11,1 / 12,Science Center 304,01:00 pm - 04:30 pm,Th,Julie Roden,,NPS,More
23650,BIOC 220 - L05,LAB: Cell Biology,7,5 / 12,Science Center 304,01:00 pm - 04:30 pm,F,John Goss,,NPS,More
22158,BIOC 223 - 01,Fundmtls of Biochemistry w/Lab,24,0 / 24,Science Center 278,08:30 am - 09:40 am,MWTh,Donald Elmore,,NPS,More
22162,BIOC 223 - L01,LAB: Fundmtls of Biochemistry,6,0 / 6,Science Center 300,12:30 pm - 04:00 pm,T,Mona Hall,,NPS,More
22163,BIOC 223 - L02,LAB: Fundmtls of Biochemistry,6,0 / 6,Science Center 300,02:15 pm - 05:45 pm,W,Mona Hall,,NPS,More
24549,BIOC 223 - L03,LAB: Fundmtls of Biochemistry,6,0 / 6,Science Center 300,01:30 pm - 05:00 pm,Th,Elizabeth Oakes,,NPS,More
24550,BIOC 223 - L04,LAB: Fundmtls of Biochemistry,6,0 / 6,Science Center 300,12:30 pm - 04:00 pm,F,Mona Hall,,NPS,More
23432,BIOC 331 - 01,Intro Biophysical Chemistry,18,6 / 24,Science Center 104,11:10 am - 12:20 pm,MWTh,Mala Radhakrishnan,,"MM, NPS",More
20015,BISC 108 - 01,Environ. Horticulture,42,0 / 42,Science Center 161,01:30 pm - 04:30 pm,MTh,Kristina Jones,Janet McDonough  Marcia Thomas,", NPS",More
20055,BISC 110 - 01,Intro Cellular Biology w/Lab,19,13 / 32,Science Center 274,08:30 am - 09:40 am,MTh,Marjory Levey,,NPS,More
20058,BISC 110 - 02,Intro Cellular Biology w/Lab,30,2 / 32,Science Center 274,09:50 am - 11:00 am,MTh,Kimberly O'Donnell,,NPS,More
20075,BISC 110 - L01,LAB: BISC 110 & 112,15,1 / 16,Science Center 310,01:30 pm - 05:00 pm,M,Melissa Beers,,NPS,More
24528,BISC 110 - L02,LAB: BISC 110 & 112,16,0 / 16,Science Center 310,12:30 pm - 04:00 pm,T,Jocelyne Dolce,,NPS,More
20105,BISC 110 - L03,LAB: BISC 110 & 112,9,7 / 16,Science Center 310,08:30 am - 12:00 pm,W,Leah Okumura,,NPS,More
20120,BISC 110 - L04,LAB: BISC 110 & 112,11,5 / 16,Science Center 310,01:00 pm - 04:30 pm,Th,Jocelyne Dolce,,NPS,More
20293,BISC 110 - L05,LAB: BISC 110 & 112,13,3 / 16,Science Center 310,06:00 pm - 09:30 pm,Th,Melissa Beers,,NPS,More
20294,BISC 110 - L06,LAB: BISC 110 & 112,6,10 / 16,Science Center 310,01:00 pm - 04:30 pm,F,Jocelyne Dolce,,NPS,More
20168,BISC 111 - 01,Intro Organismal Biology w/Lab,19,13 / 32,Science Center 264,08:30 am - 09:40 am,MTh,Jaclyn Matthes,,"NPS, QRF",More
20202,BISC 111 - 02,Intro Organismal Biology w/Lab,32,0 / 32,Science Center E111,09:50 am - 11:00 am,TF,Emily Buchholtz,,"NPS, QRF",More
20200,BISC 111 - L01,LAB: BISC 111 & 113,16,0 / 16,Science Center 316,01:30 pm - 05:00 pm,M,Leah Okumura,,"NPS, QRF",More
20201,BISC 111 - L02,LAB: BISC 111 & 113,16,0 / 16,Science Center 316,12:30 pm - 04:00 pm,T,Julie Roden,,"NPS, QRF",More
20204,BISC 111 - L03,LAB: BISC 111 & 113,13,3 / 16,Science Center 316,02:15 pm - 05:45 pm,W,Janet McDonough,,"NPS, QRF",More
20203,BISC 111 - L04,LAB: BISC 111 & 113,14,2 / 16,Science Center 316,01:00 pm - 04:30 pm,Th,Leah Okumura,,"NPS, QRF",More
20584,BISC 111 - L05,LAB: BISC 111 & 113,8,8 / 16,Science Center 316,01:00 pm - 04:30 pm,F,Julie Roden,,"NPS, QRF",More
21452,BISC 111T - 01,Intro Organismal Biology w/Lab,11,1 / 12,Science Center 267,11:10 am - 12:20 pm,MTh,Martina Koniger,,"NPS, QRF",More
21264,BISC 112 - 01,Expl Cellular Bio w/Lab,14,2 / 16,Science Center 558,09:50 am - 11:00 am,T,Adam Matthews,,NPS,More
21370,BISC 112 - 02,Expl Cellular Bio w/Lab,7,9 / 16,Science Center 558,09:50 am - 11:00 am,F,Adam Matthews,,NPS,More
21363,BISC 112 - L01,LAB: BISC 110 & 112,15,1 / 16,Science Center 310,01:30 pm - 05:00 pm,M,Melissa Beers,,NPS,More
21364,BISC 112 - L02,LAB: BISC 110 & 112,16,0 / 16,Science Center 310,12:30 pm - 04:00 pm,T,Jocelyne Dolce,,NPS,More
21365,BISC 112 - L03,LAB: BISC 110 & 112,9,7 / 16,Science Center 310,08:30 am - 12:00 pm,W,Leah Okumura,,NPS,More
21366,BISC 112 - L04,LAB: BISC 110 & 112,11,5 / 16,Science Center 310,01:00 pm - 04:30 pm,Th,Jocelyne Dolce,,NPS,More
21367,BISC 112 - L05,LAB: BISC 110 & 112,13,3 / 16,Science Center 310,06:00 pm - 09:30 pm,Th,Melissa Beers,,NPS,More
21368,BISC 112 - L06,LAB: BISC 110 & 112,6,10 / 16,Science Center 310,01:00 pm - 04:30 pm,F,Jocelyne Dolce,,NPS,More
21265,BISC 113 - 01,Expl Organismal Bio w/Lab,16,0 / 16,Science Center 155,11:10 am - 12:20 pm,T,Martina Koniger,,"NPS, QRF",More
21373,BISC 113 - L01,LAB: BISC 111 & 113,16,0 / 16,Science Center 316,01:30 pm - 05:00 pm,M,Leah Okumura,,"NPS, QRF",More
21374,BISC 113 - L02,LAB: BISC 111 & 113,16,0 / 16,Science Center 316,12:30 pm - 04:00 pm,T,Julie Roden,,"NPS, QRF",More
21375,BISC 113 - L03,LAB: BISC 111 & 113,13,3 / 16,Science Center 316,02:15 pm - 05:45 pm,W,Janet McDonough,,"NPS, QRF",More
21376,BISC 113 - L04,LAB: BISC 111 & 113,14,2 / 16,Science Center 316,01:00 pm - 04:30 pm,Th,Leah Okumura,,"NPS, QRF",More
21377,BISC 113 - L05,LAB: BISC 111 & 113,8,8 / 16,Science Center 316,01:00 pm - 04:30 pm,F,Julie Roden,,"NPS, QRF",More
20994,BISC 198 - 01,Statistics in the Biosciences,25,0 / 25,Science Center 380,09:50 am - 11:00 am,TF,Jeffrey Hughes,,"NPS, QRF",More
24314,BISC 202 - 01,Evolution with Laboratory,9,3 / 12,Science Center 264,09:50 am - 11:00 am,MTh,Andrea Sequeira,,NPS,More
24315,BISC 202 - L01,LAB: Evolution,9,3 / 12,Science Center 302,01:30 pm - 05:00 pm,M,Jocelyne Dolce,,NPS,More
24318,BISC 204 - 01,Biological Modeling with Lab,14,2 / 16,Science Center 380,11:10 am - 12:20 pm,MTh,Jaclyn Matthes,,"MM, NPS",More
24319,BISC 204 - L01,LAB: Biological Modeling,14,2 / 16,Science Center E101,12:30 pm - 04:00 pm,T,Jaclyn Matthes,,"MM, NPS",More
23925,BISC 207 - 01,Biology of Plants w/Lab,9,3 / 12,Science Center 155,11:10 am - 12:20 pm,MTh,T. Kaye Peterman,,NPS,More
23992,BISC 207 - L01,LAB:Biology of Plants,9,3 / 12,Science Center E301,01:30 pm - 05:00 pm,M,T. Kaye Peterman,,NPS,More
21034,BISC 214 - 01,Animal Behavior w/Lab,21,3 / 24,Science Center 261,11:10 am - 12:20 pm,TF,Heather Mattila,,NPS,More
21035,BISC 214 - L01,LAB: Animal Behavior,11,1 / 12,Science Center 161,02:15 pm - 05:45 pm,W,Tess Killpack,,NPS,More
21362,BISC 214 - L02,LAB: Animal Behavior,10,2 / 12,Science Center 161,01:00 pm - 04:30 pm,F,Christa Skow,,NPS,More
20235,BISC 216 - 01,Mechanisms Animal Devel w/Lab,35,1 / 36,Science Center 396,09:50 am - 11:00 am,TF,Yuichiro Suzuki,Kimberly O'Donnell,NPS,More
20236,BISC 216 - L01,LAB: Mechanisms Animal Devel,11,1 / 12,Science Center 384,12:30 pm - 04:00 pm,T,Christa Skow,,NPS,More
20942,BISC 216 - L02,LAB: Mechanisms Animal Devel,12,0 / 12,Science Center 384,02:15 pm - 05:45 pm,W,Yuichiro Suzuki,,NPS,More
23655,BISC 216 - L03,LAB: Mechanisms Animal Devel,12,0 / 12,Science Center 384,01:00 pm - 04:30 pm,Th,Yuichiro Suzuki,,NPS,More
20172,BISC 220 - 01,Cell Biology w/Lab,53,7 / 60,Science Center 278,09:50 am - 11:00 am,MTh,Louise Darling,John Goss,NPS,More
20176,BISC 220 - L01,LAB: Cell Biology,12,0 / 12,Science Center 304,01:30 pm - 05:00 pm,M,Louise Darling,,NPS,More
20181,BISC 220 - L02,LAB: Cell Biology,12,0 / 12,Science Center 304,12:30 pm - 04:00 pm,T,Melissa Beers,,NPS,More
20186,BISC 220 - L03,LAB: Cell Biology,11,1 / 12,Science Center 304,02:15 pm - 05:45 pm,W,Louise Darling,,NPS,More
23044,BISC 220 - L04,LAB: Cell Biology,11,1 / 12,Science Center 304,01:00 pm - 04:30 pm,Th,Julie Roden,,NPS,More
23649,BISC 220 - L05,LAB: Cell Biology,7,5 / 12,Science Center 304,01:00 pm - 04:30 pm,F,John Goss,,NPS,More
20190,BISC 302 - 01,Human Physiology with Lab,24,0 / 24,Science Center 278,11:10 am - 12:20 pm,TF,John Cameron,,NPS,More
20191,BISC 302 - L01,LAB: Human Physiology,12,0 / 12,Science Center 186A,01:00 pm - 04:30 pm,Th,John Cameron,,NPS,More
20267,BISC 302 - L02,LAB: Human Physiology,12,0 / 12,Science Center 186A,01:00 pm - 04:30 pm,F,Tess Killpack,,NPS,More
23928,BISC 305 - 01,Sem: Evolution,12,0 / 12,Science Center 155,02:15 pm - 04:45 pm,W,Emily Buchholtz,,NPS,More
24320,BISC 306 - 01,Princpls Neural Devlpmnt,12,0 / 12,Science Center 267,09:50 am - 11:00 am,MTh,Barbara Beltz,,"EC, NPS",More
24321,BISC 319 - 01,Evol & Conserv Genetics w/Lab,11,1 / 12,Science Center 155,09:50 am - 11:00 am,TF,Andrea Sequeira,,NPS,More
24322,BISC 319 - L01,LAB: Evol & Conserv Genetics,11,1 / 12,Science Center E301,01:00 pm - 04:30 pm,Th,Andrea Sequeira,,NPS,More
22851,BISC 327 - 01,Sem:Tpc: Conservation Biology,12,0 / 12,Science Center 155,01:30 pm - 04:00 pm,T,Nicholas Rodenhouse,,NPS,More
23930,BISC 331 - 01,Sem: Cancer Genomics,15,0 / 15,Science Center 278,06:30 pm - 09:00 pm,T,Andrew Webb,,NPS,More
23063,BISC 335 - 01,Sem:Cell/Mol Mechnisms Disease,12,0 / 12,Science Center 267,01:30 pm - 04:00 pm,Th,John Goss,,NPS,More
21081,CAMS 101 - 01,Intro Cinema & Media Studies,24,6 / 30,Pendleton Hall West 001  Collins Cinema CIN,11:10 am - 12:20 pm 07:00 pm - 09:30 pm,MTh T,Winifred Wood,,ARS,More
21627,CAMS 135 - 01,Intro to Video Production,0,12 / 12,Pendleton Hall West 309,06:30 pm - 09:00 pm,MTh,Jesse Green,,ARS,More
21060,CAMS 138 - 01,Photography I,13,1 / 14,Jewett Art Center 457,01:30 pm - 04:00 pm,TF,,,ARS,More
22258,CAMS 201 - 01,"A Century of Cinema, Part 1",15,0 / 15,Collins Cinema CIN  Jewett Art Center 450,07:00 pm - 09:30 pm 03:35 pm - 06:05 pm,M W,Maurizio Viano,,ARS,More
24323,CAMS 218 - 01,Theories of Media,7,13 / 20,Jewett Art Center 450  Collins Cinema CIN,01:30 pm - 02:40 pm 07:00 pm - 09:30 pm,TF W,Codruta Morari,,ARS,More
24324,CAMS 229 - 01,European Women�s Filmmaking,5,25 / 30,Collins Cinema CIN  Collins Cinema CIN,09:50 am - 11:00 am 01:30 pm - 04:00 pm,MTh M,Flavia Laviosa,,ARS,More
23938,CAMS 232 - 01,Anthropology of Media,15,0 / 15,Pendleton Hall West 001,09:50 am - 11:00 am,TF,Deborah Matzner,,SBA,More
21071,CAMS 234 - 01,The Art of Screenwriting,15,0 / 15,Founders Hall 121,09:50 am - 12:20 pm,W,Margaret Cezair-Thompson,,"ARS, LL",More
23940,CAMS 239 - 01,Digital Imaging,16,0 / 10,Jewett Art Center 247,01:30 pm - 04:00 pm,TF,David Olsen,,ARS,More
23970,CAMS 266 - 01,The Animated Film,15,0 / 15,Pendleton Hall West 001  Collins Cinema CIN,02:50 pm - 05:20 pm 09:50 am - 12:20 pm,M W,Maurizio Viano,,ARS,More
24460,CAMS 286 - 01,Film & Propaganda in Nazi Germ,25,0 / 25,Collins Cinema CIN,02:50 pm - 05:20 pm,Th,Anjeana Hans,,"ARS, LL",More
24325,CAMS 327 - 01,CSPW: Pub. Writing Film & TV,12,0 / 12,Pendleton Hall East 430,01:30 pm - 04:00 pm,T,Vernon Shetley,,ARS,More
24028,CAMS 338 - 01,Photography III,3,12 / 15,Pendleton Hall West 309,09:50 am - 12:20 pm,TF,,,ARS,More
20617,CHEM 102 - 01,Tpc: Understanding Drugs w/Lab,22,2 / 24,Science Center 278,11:10 am - 12:20 pm,MWTh,Paul Reisberg,,NPS,More
20941,CHEM 102 - L01,LAB: Tpc: Understanding Drugs,10,2 / 12,Science Center 216,01:30 pm - 05:00 pm,M,Paul Reisberg,,NPS,More
20618,CHEM 102 - L02,LAB: Tpc: Understanding Drugs,12,0 / 12,Science Center 216,02:15 pm - 05:45 pm,W,Paul Reisberg,,NPS,More
20635,CHEM 105 - 01,Fundamentals Chemistry w/Lab,13,22 / 35,Science Center 392,08:30 am - 09:40 am,MWTh,Geraldine Echebiri,,"MM, NPS",More
20749,CHEM 105 - 02,Fundamentals Chemistry w/Lab,32,3 / 35,Science Center 380,09:50 am - 11:00 am,MWTh,Carla Verschoor,,"MM, NPS",More
23066,CHEM 105 - L01,LAB: Fundamentals Chemistry,14,0 / 14,Science Center 210,01:30 pm - 05:00 pm,M,Peter Sandusky,,"MM, NPS",More
20637,CHEM 105 - L02,LAB: Fundamentals Chemistry,13,1 / 14,Science Center 210,12:30 pm - 04:00 pm,T,Peter Sandusky,,"MM, NPS",More
20670,CHEM 105 - L03,LAB: Fundamentals Chemistry,12,2 / 14,Science Center 210,02:15 pm - 05:45 pm,W,Peter Sandusky,,"MM, NPS",More
20806,CHEM 105 - L04,LAB: Fundamentals Chemistry,6,8 / 14,Science Center 210,12:30 pm - 04:00 pm,F,Peter Sandusky,,"MM, NPS",More
20638,CHEM 205 - 01,Chemical Analy & Equilib w/Lab,18,10 / 28,Science Center 364,08:30 am - 09:40 am,TWF,Nolan Flynn,,"MM, QRF, NPS",More
20667,CHEM 205 - 02,Chemical Analy & Equilib w/Lab,26,2 / 28,Science Center 392,09:50 am - 11:00 am,MWTh,Rachel Stanley,,"MM, QRF, NPS",More
21384,CHEM 205 - 03,Chemical Analy & Equilib w/Lab,28,0 / 28,Pendleton Hall East 327,11:10 am - 12:20 pm,TWF,Nolan Flynn,,"MM, QRF, NPS",More
20639,CHEM 205 - L01,LAB: Chemical Analy & Equilib,12,0 / 12,Science Center 212,01:30 pm - 05:00 pm,M,Amanda McCarthy,,"MM, QRF, NPS",More
20640,CHEM 205 - L02,LAB: Chemical Analy & Equilib,12,0 / 12,Science Center 212,12:30 pm - 04:00 pm,T,Amanda McCarthy,,"MM, QRF, NPS",More
20668,CHEM 205 - L03,LAB: Chemical Analy & Equilib,12,0 / 12,Science Center 212,02:15 pm - 05:45 pm,W,Nancy Mukundan,,"MM, QRF, NPS",More
20669,CHEM 205 - L04,LAB: Chemical Analy & Equilib,12,0 / 12,Science Center 210,01:30 pm - 05:00 pm,Th,Nancy Mukundan,,"MM, QRF, NPS",More
20835,CHEM 205 - L05,LAB: Chemical Analy & Equilib,12,0 / 12,Science Center 212,01:30 pm - 05:00 pm,Th,Amanda McCarthy,,"MM, QRF, NPS",More
20960,CHEM 205 - L06,LAB: Chemical Analy & Equilib,12,0 / 12,Science Center 212,12:30 pm - 04:00 pm,F,Nancy Mukundan,,"MM, QRF, NPS",More
20209,CHEM 211 - 01,Organic Chemistry I w/Lab,20,6 / 26,Science Center 104,08:30 am - 09:40 am,MWTh,James Moyer,,NPS,More
22435,CHEM 211 - 02,Organic Chemistry I w/Lab,18,8 / 26,Science Center 274,09:50 am - 11:00 am,TWF,Emily Harcourt,,NPS,More
24042,CHEM 211 - 03,Organic Chemistry I w/Lab,12,8 / 20,Science Center E211,11:10 am - 12:20 pm,TWF,Michael Hearn,,NPS,More
20212,CHEM 211 - L01,LAB: Organic Chemistry I,12,0 / 12,Science Center 204,01:30 pm - 05:00 pm,M,Nicholas Doe,,NPS,More
20213,CHEM 211 - L02,LAB: Organic Chemistry I,3,9 / 12,Science Center 204,12:30 pm - 04:00 pm,T,Geraldine Echebiri,,NPS,More
20215,CHEM 211 - L03,LAB: Organic Chemistry I,12,0 / 12,Science Center 222,02:15 pm - 05:45 pm,W,James Moyer,,NPS,More
22466,CHEM 211 - L04,LAB: Organic Chemistry I,7,5 / 12,Science Center 204,02:15 pm - 05:45 pm,W,Geraldine Echebiri,,NPS,More
22437,CHEM 211 - L05,LAB: Organic Chemistry I,9,3 / 12,Science Center 204,01:30 pm - 05:00 pm,Th,Donna Trainor,,NPS,More
24041,CHEM 211 - L06,LAB: Organic Chemistry I,7,5 / 12,Science Center 204,12:30 pm - 04:00 pm,F,Donna Trainor,,NPS,More
20676,CHEM 212 - 01,Organic Chemistry II w/Lab,11,11 / 22,Science Center 274,11:10 am - 12:20 pm,TWF,Emily Harcourt,,NPS,More
20678,CHEM 212 - 02,Organic Chemistry II w/Lab,22,0 / 22,Science Center E211,08:30 am - 09:40 am,TWF,Michael Hearn,,NPS,More
21700,CHEM 212 - 03,Organic Chemistry II w/Lab,22,0 / 22,Science Center 264,09:50 am - 11:00 am,TWF,Dora Carrico-Moniz,,NPS,More
20677,CHEM 212 - L01,LAB: Organic Chemistry II,12,0 / 12,Science Center 208,01:30 pm - 05:00 pm,M,Donna Trainor,,NPS,More
20679,CHEM 212 - L02,LAB: Organic Chemistry II,10,0 / 10,Science Center 208,12:30 pm - 04:00 pm,T,Adrian Huang,,NPS,More
20680,CHEM 212 - L03,LAB: Organic Chemistry II,12,0 / 12,Science Center 208,02:15 pm - 05:45 pm,W,Nicholas Doe,,NPS,More
20681,CHEM 212 - L04,LAB: Organic Chemistry II,12,0 / 12,Science Center 208,01:30 pm - 05:00 pm,Th,Adrian Huang,,NPS,More
20959,CHEM 212 - L05,LAB: Organic Chemistry II,5,7 / 12,Science Center 208,12:30 pm - 04:00 pm,F,Adrian Huang,,NPS,More
24556,CHEM 212 - L06,LAB: Organic Chemistry II,4,8 / 12,Science Center 222,12:30 pm - 04:00 pm,F,Nicholas Doe,,NPS,More
22852,CHEM 220 - 01,Principles of Biochemistry,30,0 / 30,Founders Hall 126,11:10 am - 12:20 pm,MWTh,Donald Elmore,,NPS,More
22159,CHEM 223 - 01,Fundmtls of Biochemistry w/Lab,24,0 / 24,Science Center 278,08:30 am - 09:40 am,MWTh,Donald Elmore,,NPS,More
22160,CHEM 223 - L01,LAB: Fundmtls of Biochemistry,6,0 / 6,Science Center 300,12:30 pm - 04:00 pm,T,Mona Hall,,NPS,More
22161,CHEM 223 - L02,LAB: Fundmtls of Biochemistry,6,0 / 6,Science Center 300,02:15 pm - 05:45 pm,W,Mona Hall,,NPS,More
24551,CHEM 223 - L03,LAB: Fundamentals of Biochem.,6,0 / 6,Science Center 300,01:30 pm - 05:00 pm,Th,Elizabeth Oakes,,NPS,More
24552,CHEM 223 - L04,LAB: Fundamentals of Biochem.,6,0 / 6,Science Center 300,12:30 pm - 04:00 pm,F,Mona Hall,,NPS,More
22293,CHEM 306 - 01,Sem:Tpc:ChemistryOfTheHeavens,12,12 / 24,Science Center 104,06:00 pm - 08:30 pm,T,Christopher Arumainayagam,,NPS,More
24326,CHEM 318 - 01,Adv Organic Chem: Reactions,8,4 / 12,Science Center 264,11:10 am - 12:20 pm,TF,Dora Carrico-Moniz,,NPS,More
23446,CHEM 331 - 01,Intro Biophysical Chemistry,18,6 / 24,Science Center 104,11:10 am - 12:20 pm,MWTh,Mala Radhakrishnan,,"MM, NPS",More
24327,CHEM 335 - 01,Physical Chemistry II w/Lab,8,4 / 12,Science Center 273,09:50 am - 11:00 am,MWTh,Mala Radhakrishnan,,"MM, NPS",More
24328,CHEM 335 - L01,LAB: Physical Chemistry II,8,4 / 12,Science Center 220,12:30 pm - 04:00 pm,T,Mala Radhakrishnan,,"MM, NPS",More
22856,CHEM 341 - 01,Inorganic Chemistry w/Lab,22,2 / 24,Science Center 392,11:10 am - 12:20 pm,MWTh,Rachel Stanley,,NPS,More
22857,CHEM 341 - L01,LAB: Inorganic Chemistry,8,0 / 8,Science Center 222,01:30 pm - 05:00 pm,M,Carla Verschoor,,NPS,More
22858,CHEM 341 - L02,LAB: Inorganic Chemistry,6,2 / 8,Science Center 222,12:30 pm - 04:00 pm,T,Carla Verschoor,,NPS,More
24555,CHEM 341 - L03,LAB: Inorganic Chemistry,8,0 / 8,Science Center 222,01:30 pm - 05:00 pm,Th,Carla Verschoor,,NPS,More
20004,CHIN 102 - 01,Beginning Chinese II,10,5 / 15,Founders Hall 305,08:30 am - 09:40 am,MTThF,Qiuyan Tang,,,More
20269,CHIN 102 - 02,Beginning Chinese II,10,5 / 15,Founders Hall 305,09:50 am - 11:00 am,MTThF,Qiuyan Tang,,,More
20924,CHIN 104 - 01,Advanced Beginning Chinese II,7,8 / 15,Founders Hall 227,09:50 am - 11:00 am,MWTh,Weina Zhao,,,More
20925,CHIN 104 - 02,Advanced Beginning Chinese II,4,11 / 15,Founders Hall 227,11:10 am - 12:20 pm,MWTh,Weina Zhao,,,More
20005,CHIN 202 - 01,Intermediate Chinese II,12,3 / 15,Green Hall 236B,11:10 am - 12:20 pm,MTThF,Miranda Chen-Cristoforo,,LL,More
20270,CHIN 202 - 02,Intermediate Chinese II,15,0 / 15,Green Hall 136A,01:30 pm - 02:40 pm,MTThF,Lili Foti,,LL,More
20297,CHIN 204 - 01,Advanced Intermediate Chinese,15,0 / 15,Green Hall 338,08:30 am - 09:40 am,TWF,Yuan-Chu Lam,,LL,More
23956,CHIN 213 - 01,Chinas Ethnic Cultures(in Eng),7,18 / 25,Green Hall 428,02:15 pm - 04:45 pm,W,Yuan-Chu Lam,,LL,More
24544,CHIN 223 - 01,Tang Dynasty (in English),17,8 / 25,Clapp Library 346,11:10 am - 12:20 pm,TF,Sarah Allen,,"HS, LL",More
24542,CHIN 231 - 01,Chinese & Languages of China,13,2 / 15,Green Hall 136C,11:10 am - 12:20 pm,MTh,Shiao Wei Tham,,"EC, LL",More
23973,CHIN 245 - 01,Chinese Women Revol. (in Eng),8,17 / 25,Founders Hall 317,02:50 pm - 04:00 pm,MTh,Ellen Widmer,,LL,More
20056,CHIN 302 - 01,Advanced Chinese II,7,8 / 15,Green Hall 330  Green Hall 330,02:50 pm - 04:00 pm 03:35 pm - 04:45 pm,MTh W,Shiao Wei Tham,,LL,More
23974,CHIN 313 - 01,Chinas Ethnic Cultures(in Eng),7,18 / 25,Green Hall 428,02:15 pm - 04:45 pm,W,Yuan-Chu Lam,,LL,More
24545,CHIN 323 - 01,Tang Dynasty (in English),17,8 / 25,Clapp Library 346,11:10 am - 12:20 pm,TF,Sarah Allen,,"HS, LL",More
24543,CHIN 331 - 01,Chinese & Languages of China,13,2 / 15,Green Hall 136C,11:10 am - 12:20 pm,MTh,Shiao Wei Tham,,"EC, LL",More
24329,CHIN 338 - 01,Reading Modern Chinese Lit,4,11 / 15,Green Hall 130,01:30 pm - 02:40 pm,MTh,Mingwei Song,,LL,More
23975,CHIN 345 - 01,Chinese Women Revol. (in Eng),8,17 / 25,Founders Hall 317,02:50 pm - 04:00 pm,MTh,Ellen Widmer,,LL,More
24477,CHIN 382 - 01,Sem:Sci Fi & Future of China,14,1 / 15,Green Hall 136C,02:15 pm - 04:45 pm,W,Mingwei Song,,LL,More
24330,CLCV 106 - 01,Daily Life - Ancient World,17,8 / 25,Founders Hall 225,01:30 pm - 02:40 pm,MTh,Raymond Starr,,HS,More
24331,CLCV 206 - 01,Gods and Heroes,25,0 / 25,Pendleton Hall East 239,02:50 pm - 04:00 pm,MTh,Bryan Burns,,"ARS, HS",More
24332,CLCV 213 - 01,Gender in Antiquity,13,2 / 15,Pendleton Hall East 351,11:10 am - 12:20 pm,TF,Catherine Gilhuly,,LL,More
24333,CLCV 313 - 01,Gender in Antiquity,8,7 / 15,Pendleton Hall East 351,11:10 am - 12:20 pm,TF,Catherine Gilhuly,,LL,More
24476,CPLT 200 - 01,Graphic Novel � Digital Texts,15,10 / 25,Founders Hall 128,02:15 pm - 04:45 pm,W,Thomas Nolden,,"ARS, LL",More
23459,CPLT 208 - 01,"Legend,Satire,Storytell'g Hebr",9,16 / 25,Founders Hall 317,09:50 am - 11:00 am,MTh,Edward Silver,,"HS, REP",More
23460,CPLT 359 - 01,CSPW: Writ'gToChangeTheWorld,5,7 / 12,Clapp Library SANGER,02:50 pm - 05:20 pm,Th,Barry Lydgate,,LL,More
20053,CS 111 - 01,Comp Progrm & Prob Solv w/Lab,23,0 / 20,Science Center 257,09:50 am - 11:00 am,MTh,Eniana Mustafaraj,,MM,More
20057,CS 111 - 02,Comp Progrm & Prob Solv w/Lab,24,0 / 20,Science Center 257,11:10 am - 12:20 pm,MTh,Sohie Lee,,MM,More
23045,CS 111 - 03,Comp Progrm & Prob Solv w/Lab,19,1 / 20,Science Center 257,01:30 pm - 02:40 pm,MTh,Franklyn Turbak,,MM,More
24532,CS 111 - 04,Comp Program & Prob Solving,16,4 / 20,Science Center 257,02:50 pm - 04:00 pm,MTh,Benjamin Wood,,MM,More
20272,CS 111 - L01,LAB:Comp Program & Prob Solv,10,3 / 13,Science Center S160A,08:30 am - 10:20 am,T,Susan Buck,,MM,More
20273,CS 111 - L02,LAB:Comp Program & Prob Solv,12,1 / 13,Science Center S160A,10:30 am - 12:20 pm,T,Susan Buck,,MM,More
20274,CS 111 - L03,LAB:Comp Program & Prob Solv,16,0 / 14,Science Center 257,08:30 am - 10:20 am,W,Sohie Lee,,MM,More
21721,CS 111 - L04,LAB:Comp Program & Prob Solv,16,0 / 14,Science Center 257,10:30 am - 12:20 pm,W,Sohie Lee,,MM,More
22470,CS 111 - L05,LAB:Comp Program & Prob Solv,14,0 / 13,Science Center S160A,10:30 am - 12:20 pm,W,Susan Buck,,MM,More
23617,CS 111 - L06,LAB: Comp Prog & Prob Solving,15,0 / 13,Science Center S160A,02:15 pm - 04:05 pm,W,Susan Buck,,MM,More
24493,CS 115 - 01,Computing for Socio-Techno Web,23,0 / 18,Science Center 268,09:50 am - 11:00 am,MTh,Orit Shaer,,MM,More
24494,CS 115 - D01,Computing for Socio-Techno Web,16,0 / 13,Science Center E101,08:30 am - 09:40 am,F,Stella Kakavouli,,MM,More
24495,CS 115 - D02,Computing for Socio-Techno Web,7,6 / 13,Science Center E101,09:50 am - 11:00 am,F,Stella Kakavouli,,MM,More
24278,CS 125 - 01,"FYS: Brains, Minds & Machines",7,8 / 15,Science Center 104,09:50 am - 11:00 am,TF,Ellen Hildreth,Michael Wiest,NPS,More
24531,CS 125 - L01,"LAB: Brains, Minds & Machines",7,8 / 15,Science Center 257,02:15 pm - 04:05 pm,W,Ellen Hildreth,Michael Wiest,NPS,More
22885,CS 220 - 01,Human-Computer Interaction,18,0 / 18,Science Center E125,01:30 pm - 02:40 pm,MTh,Orit Shaer,,MM,More
20062,CS 230 - 01,Data Structures w/LAB,35,0 / 26,Science Center E211,09:50 am - 11:00 am,TF,Ashley DeFlumere,,MM,More
23046,CS 230 - 02,Data Structures w/Lab,24,2 / 26,Science Center E111,01:30 pm - 02:40 pm,TF,Christine Bassem,,MM,More
20549,CS 230 - L01,LAB: Data Structures,15,0 / 13,Science Center E101,08:30 am - 10:20 am,W,Stella Kakavouli,,MM,More
20910,CS 230 - L02,LAB: Data Structures,16,0 / 13,Science Center E101,10:30 am - 12:20 pm,W,Stella Kakavouli,,MM,More
22471,CS 230 - L03,LAB: Data Structures,12,1 / 13,Science Center E101,10:30 am - 12:20 pm,Th,Jean Herbst,,MM,More
23618,CS 230 - L04,LAB: Data Structures,16,0 / 13,Science Center E101,01:30 pm - 03:20 pm,Th,Jean Herbst,,MM,More
21002,CS 231 - 01,Fundamental Algorithms,25,0 / 25,Science Center 268,11:10 am - 12:20 pm,TF,Anna Loparev,,MM,More
23616,CS 235 - 01,Languages & Automata,25,0 / 25,Science Center E211,11:10 am - 12:20 pm,MTh,Brian Tjaden,,MM,More
23461,CS 240 - 01,Intro MachineOrganization w/La,26,0 / 20,Science Center 364,11:10 am - 12:20 pm,MTh,Benjamin Wood,,MM,More
24533,CS 240 - 02,Intro MachineOrganization w/La,20,0 / 20,Science Center E111,01:30 pm - 02:40 pm,MTh,Ashley DeFlumere,,MM,More
23462,CS 240 - L01,LAB: Intro MachineOrganization,8,2 / 10,Science Center 173,08:30 am - 11:30 am,T,Jean Herbst,,MM,More
23463,CS 240 - L02,LAB: Intro MachineOrganization,13,0 / 10,Science Center 173,01:30 pm - 04:30 pm,T,Jean Herbst,,MM,More
24534,CS 240 - L03,LAB: Intro MachineOrganization,13,0 / 10,Science Center 173,02:15 pm - 05:15 pm,W,Jean Herbst,,MM,More
24535,CS 240 - L04,LAB: Intro MachineOrganization,12,0 / 10,Science Center 173,05:30 pm - 08:30 pm,W,Jean Herbst,,MM,More
22264,CS 249 - 01,Tpc: Intro to Web Development,18,0 / 18,Science Center 257,01:30 pm - 02:40 pm,TF,Scott Anderson,,MM,More
20066,CS 251 - 01,Theory Programming Languages,30,0 / 30,Science Center E111,09:50 am - 11:00 am,MWTh,Franklyn Turbak,,MM,More
22887,CS 304 - 01,Databases with Web Interfaces,25,0 / 25,Science Center 257,09:50 am - 11:00 am,TF,Scott Anderson,,MM,More
24336,CS 315 - 01,Web Search and Mining,22,0 / 18,Science Center 256,01:30 pm - 02:40 pm,TF,Eniana Mustafaraj,,MM,More
22888,CS 349 - 01,Tpc: Distributed Computing,11,7 / 18,Science Center E111,11:10 am - 12:20 pm,TF,Christine Bassem,,MM,More
24514,CS 349 - 02,Tpc: Machine Learning,30,0 / 18,Science Center 270,02:50 pm - 04:00 pm,MTh,Sravana Reddy,,MM,More
24519,EALC 121 - 01,Gateways to East Asia,1,24 / 25,Clapp Library SANGER,01:30 pm - 02:40 pm,TF,Sarah Allen,Robert Goree,LL,More
23643,EALC 253 - 01,Telling Stories in East Asia,8,7 / 15,Alumnae Hall 102,11:10 am - 12:20 pm,TF,Carolyn Morley,,"ARS, LL",More
24520,EALC 345 - 01,"Sem:Lang, Nation&Identity(Eng)",10,10 / 20,Green Hall 236B,09:50 am - 12:20 pm,W,Sun-Hee Lee,,LL,More
20153,ECON 101 - 01,Principles of Microeconomics,32,1 / 33,Pendleton Hall East 139  Pendleton Hall East 139,08:30 am - 09:40 am 08:30 am - 09:40 am,MTh W1,Daniel Fetter,,SBA,More
20155,ECON 101 - 02,Principles of Microeconomics,33,0 / 33,Pendleton Hall East 139  Pendleton Hall East 139,09:50 am - 11:00 am 09:50 am - 11:00 am,MTh W1,Daniel Fetter,,SBA,More
20159,ECON 101 - 03,Principles of Microeconomics,32,1 / 33,Pendleton Hall East 216  Pendleton Hall East 216,01:30 pm - 02:40 pm 02:15 pm - 03:25 pm,TF W2,Alex Poterack,,SBA,More
24040,ECON 101 - 04,Principles of Microeconomics,5,28 / 33,Pendleton Hall East 127  Pendleton Hall East 127,08:30 am - 09:40 am 08:30 am - 09:40 am,MTh W1,Erin Johnson,,SBA,More
20162,ECON 102 - 01,Principles of Macroeconomics,31,2 / 33,Pendleton Hall East 127  Pendleton Hall East 127,09:50 am - 11:00 am 09:50 am - 11:00 am,MTh W1,Ama Abeberese,,SBA,More
20163,ECON 102 - 02,Principles of Macroeconomics,28,5 / 33,Pendleton Hall East 139  Pendleton Hall East 139,01:30 pm - 02:40 pm 02:15 pm - 03:25 pm,MTh W1,Ama Abeberese,,SBA,More
20165,ECON 102 - 03,Principles of Macroeconomics,33,0 / 33,Pendleton Hall East 339,11:10 am - 12:20 pm,MWTh,Akila Weerapana,,SBA,More
20166,ECON 102 - 04,Principles of Macroeconomics,20,13 / 33,Pendleton Hall East 216,08:30 am - 09:40 am,TWF,Joseph Joyce,,SBA,More
20848,ECON 103 - 01,Intro Prob&Stats Methds w/Lab,28,2 / 30,Pendleton Hall East 130  Pendleton Hall East 130,08:30 am - 09:40 am 08:30 am - 09:40 am,MTh W1,Joseph Swingle,,"QRF, SBA",More
24536,ECON 103 - 02,Intro Prob&Statistical Methods,24,6 / 30,Pendleton Hall East 130  Pendleton Hall East 139,11:10 am - 12:20 pm 11:10 am - 12:20 pm,MTh W1,Phillip Levine,,"QRF, SBA",More
22421,ECON 103 - 03,Intro Prob&Statis Methds w/Lab,14,16 / 30,Pendleton Hall East 130  Pendleton Hall East 130,02:50 pm - 04:00 pm 03:35 pm - 04:45 pm,MTh W1,Phillip Levine,,"QRF, SBA",More
20860,ECON 103 - 1LA,LAB: Intro Prob&Stat Methods,15,0 / 15,Pendleton Hall East 130,09:50 am - 11:00 am,W,Joseph Swingle,,"QRF, SBA",More
20867,ECON 103 - 1LB,LAB: Intro Prob&Stat Methods,13,2 / 15,Pendleton Hall East 130,11:10 am - 12:20 pm,W,Joseph Swingle,,"QRF, SBA",More
24537,ECON 103 - 2LA,LAB: Intro Prob&Stat Methods,14,1 / 15,Pendleton Hall East 130,09:50 am - 11:00 am,T,Phillip Levine,,"QRF, SBA",More
24538,ECON 103 - 2LB,LAB: Intro Prob&Stat Methods,10,5 / 15,Pendleton Hall East 130,11:10 am - 12:20 pm,T,Phillip Levine,,"QRF, SBA",More
22422,ECON 103 - 3LA,LAB:Prob&Statistical Methods,9,6 / 15,Pendleton Hall East 130,01:30 pm - 02:40 pm,T,Phillip Levine,,"QRF, SBA",More
22423,ECON 103 - 3LB,LAB: Prob&Statistical Methods,5,10 / 15,Pendleton Hall East 130,02:50 pm - 04:00 pm,T,Phillip Levine,,"QRF, SBA",More
20170,ECON 201 - 01,Intermediate Micro Analysis,25,0 / 25,Pendleton Hall East 327,09:50 am - 11:00 am,MWTh,Susan Skeath van Mulbregt,,SBA,More
20173,ECON 201 - 02,Intermediate Micro Analysis,22,3 / 25,Pendleton Hall East 327,08:30 am - 09:40 am,TWF,Kyung-Hong Park,,SBA,More
20177,ECON 202 - 01,Intermediate Macro Analysis,21,4 / 25,Pendleton Hall East 216,11:10 am - 12:20 pm,MWTh,Seth Neumuller,,SBA,More
20182,ECON 202 - 02,Intermediate Macro Analysis,18,7 / 25,Pendleton Hall East 339  Pendleton Hall East 339,01:30 pm - 02:40 pm 02:15 pm - 03:25 pm,MTh W,Seth Neumuller,,SBA,More
23639,ECON 202 - 03,Intermediate Macro Analysis,11,14 / 25,Pendleton Hall East 339  Pendleton Hall East 339,02:50 pm - 04:00 pm 03:35 pm - 04:45 pm,MTh W,Casey Rothschild,,SBA,More
20673,ECON 203 - 01,Econometrics,12,13 / 25,Pendleton Hall East 129,11:10 am - 12:20 pm,TWF,Kristin Butcher,,SBA,More
20674,ECON 203 - 02,Econometrics,19,6 / 25,Pendleton Hall East 129  Pendleton Hall East 129,01:30 pm - 02:40 pm 02:15 pm - 03:25 pm,TF W,Gauri Shastry,,SBA,More
23075,ECON 203 - 03,Econometrics,15,10 / 25,Pendleton Hall East 129  Pendleton Hall East 129,02:50 pm - 04:00 pm 03:35 pm - 04:45 pm,TF W,Gauri Shastry,,SBA,More
24337,ECON 210 - 01,Financial Markets,19,6 / 25,Pendleton Hall East 139  Pendleton Hall East 139,11:10 am - 12:20 pm 11:10 am - 12:20 pm,TF W2,Joseph Joyce,,SBA,More
24338,ECON 213 - 01,Int'l Finance & Macro Policy,25,0 / 25,Pendleton Hall East 139  Pendleton Hall East 139,02:50 pm - 04:00 pm 03:35 pm - 04:45 pm,MTh W,Akila Weerapana,,SBA,More
23473,ECON 220 - 01,Development Economics,24,1 / 25,Pendleton Hall East 127,01:30 pm - 02:40 pm,MTh,Alex Poterack,,SBA,More
21275,ECON 222 - 01,Games of Strategy,19,2 / 21,Pendleton Hall East 130  Pendleton Hall East 130,01:30 pm - 02:40 pm 02:15 pm - 03:25 pm,MTh W,Susan Skeath van Mulbregt,,SBA,More
24486,ECON 228 - 01,Environmental & Resource Econ,19,6 / 25,Pendleton Hall East 129,11:10 am - 12:20 pm,MTh,Alex Poterack,,SBA,More
23621,ECON 229 - 01,Women in the Economy,17,8 / 25,Pendleton Hall East 327,02:50 pm - 04:00 pm,TF,Sari Kerr,,SBA,More
23474,ECON 241 - 01,Poverty&Inequality  Latin Amer,14,11 / 25,Pendleton Hall East 129,08:30 am - 09:40 am,TF,Patrick McEwan,,SBA,More
24339,ECON 322 - 01,Strategy & Information,20,0 / 20,Pendleton Hall East 129,09:50 am - 11:00 am,MTh,Casey Rothschild,,SBA,More
22277,ECON 323 - 01,Finance Theory & Applications,20,0 / 20,Pendleton Hall East 127  Pendleton Hall East 127,01:30 pm - 02:40 pm 02:15 pm - 03:25 pm,TF W,Eric Hilt,,SBA,More
23942,ECON 326 - 01,Sem: Adv. Econ of Education,20,0 / 20,Pendleton Hall East 349,01:30 pm - 04:00 pm,T,Patrick McEwan,,SBA,More
23635,ECON 327 - 01,"Econ Law, Policy, Inequality",20,0 / 20,Pendleton Hall East 327,09:50 am - 11:00 am,TF,Kyung-Hong Park,,SBA,More
24342,ECON 335 - 01,Economic Journalism,12,0 / 12,Pendleton Hall East 430,01:30 pm - 04:00 pm,Th,David Lindauer,,SBA,More
24343,ECON 341 - 01,Industrial Organization,20,0 / 20,Pendleton Hall East 127,02:50 pm - 04:00 pm,MTh,Erin Johnson,,SBA,More
20982,ECON 380 - 01,Economics Research Seminar,0,15 / 15,Pendleton Hall East 351,06:00 pm - 07:30 pm,T,Eric Hilt,,SBA,More
22280,EDUC 215 - 01,Understand'g & Improv'g Schls,22,0 / 21,Pendleton Hall East 151,09:50 am - 12:20 pm,Th,Noah Rubin,,SBA,More
20025,EDUC 302 - 01,Sem:Methods&Materials Teaching,6,9 / 15,Clapp Library 148,02:15 pm - 06:00 pm,W,Kenneth Hawes,,SBA,More
20034,EDUC 302 - 02,Sem:Methods&Materials Teaching,4,6 / 10,Pendleton Hall East 151,04:10 pm - 07:00 pm,T,Noah Rubin,,SBA,More
20042,EDUC 303 - 01,Pract-Curriculum&Supv Teaching,4,11 / 15,,,,Kenneth Hawes,,SBA,More
24018,EDUC 303 - 02,Pract-Curriculum&Supv Teaching,6,9 / 15,,,,Noah Rubin,,SBA,More
20792,EDUC 305 - 01,"Curric,Instr,Assmnt.Spcl Needs",4,6 / 10,Pendleton Hall East 151,04:10 pm - 06:40 pm,Th,Noah Rubin,,EC,More
21349,EDUC 310 - 01,Sem: Child Literacy & Reading,8,4 / 12,Pendleton Hall East 351,09:50 am - 12:20 pm,W,Diane Tutin,,EC,More
21479,EDUC 312 - 01,Sem: History of Child Welfare,10,6 / 16,Pendleton Hall East 151,01:30 pm - 04:00 pm,T,Barbara Beatty,,HS,More
23646,EDUC 325 - 01,Sem:Eng as a 2nd Lang @ MIT,4,11 / 15,,04:00 pm - 06:30 pm,W,Shawn Morris,,EC,More
24344,EDUC 334 - 01,Sem: Education and Immigration,16,0 / 15,Jewett Art Center 452,01:30 pm - 04:00 pm,M,Soo Hong,,SBA,More
23478,ENG 112 - 01,Intro to Shakespeare,28,32 / 60,Pendleton Hall East 239,01:30 pm - 02:40 pm,TF,Yu Jin Ko,,"ARS, LL",More
24511,ENG 113 - 01,Tpc: Harry Potter's 19th C.,39,21 / 60,Founders Hall 120,11:10 am - 12:20 pm,MTh,Susan Meyer,,LL,More
24480,ENG 117 - 01,Musical Theater,50,0 / 50,Founders Hall 120,11:10 am - 12:20 pm,TF,Lawrence Rosenwald,,LL,More
22300,ENG 120 - 01,Critical Interpretation,13,2 / 15,Clapp Library 336,09:50 am - 11:00 am,MTh,Daniel Chiasson,,LL,More
24548,ENG 120 - 02,Critical Interpretation,15,0 / 15,Founders Hall 307,09:50 am - 11:00 am,TF,William Cain,,LL,More
23622,ENG 203 - 01,Short Narrative,15,0 / 15,Green Hall 136A,02:50 pm - 04:00 pm,TF,Marilyn Sides,,LL,More
23998,ENG 203 - 02,Short Narrative,15,0 / 15,Pendleton Hall East 251,09:50 am - 12:20 pm,W,James Wallenstein,,LL,More
20622,ENG 204 - 01,The Art of Screenwriting,15,0 / 15,Founders Hall 121,09:50 am - 12:20 pm,W,Margaret Cezair-Thompson,,"ARS, LL",More
22187,ENG 206 - 01,Tpc: Writing the Travel Essay,12,3 / 15,Green Hall 136A,08:30 am - 09:40 am,TF,Marilyn Sides,,LL,More
24506,ENG 206 - 02,Tpc: Writing and Action,6,9 / 15,Clapp Library 148,09:50 am - 11:00 am,MTh,James Wallenstein,,LL,More
24345,ENG 213 - 01,Chaucer,13,12 / 25,Clapp Library 346,02:15 pm - 04:45 pm,W,Cord Whitaker,,LL,More
23480,ENG 224 - 01,Shakes II: Jacobean Period,18,12 / 30,Founders Hall 128,02:50 pm - 04:00 pm,MTh,Timothy Peltason,,"ARS, LL",More
23933,ENG 234 - 01,Restoration & 18C British Lit.,10,20 / 30,Founders Hall 227,11:10 am - 12:20 pm,TF,James Noggle,,LL,More
24346,ENG 247 - 01,Arthurian Legends,29,1 / 30,Founders Hall 120,01:30 pm - 02:40 pm,MTh,Sarah Wall-Randell,,LL,More
24347,ENG 251 - 01,Modern Poetry,12,18 / 30,Founders Hall 317,09:50 am - 11:00 am,TF,Kathleen Brogan,,LL,More
24488,ENG 254 - 01,Louise Gl�ck,20,10 / 30,Founders Hall 126,03:35 pm - 06:05 pm,W,Frank Bidart,,LL,More
24348,ENG 262 - 01,American Literature to 1865,11,19 / 30,Founders Hall 225,01:30 pm - 02:40 pm,TF,William Cain,,LL,More
24349,ENG 273 - 01,The Modern British Novel,15,15 / 30,Founders Hall 423,08:30 am - 09:40 am,MTh,Lisa Rodensky,,LL,More
24512,ENG 277 - 01,Tpc: Women Writers&Filmmakers,21,9 / 30,Pendleton Hall East 251,09:50 am - 11:00 am,TF,Margery Sabin,,LL,More
24508,ENG 283 - 01,Tpc: New Orleans,13,17 / 30,Founders Hall 120,04:10 pm - 05:20 pm,MTh,Luther Tyler,,LL,More
24461,ENG 289 - 01,London in Literature,4,26 / 30,Clapp Library SANGER,11:10 am - 12:20 pm,MTh,Yoon Lee,,LL,More
24350,ENG 291 - 01,What Is Racial Difference?,13,7 / 20,Founders Hall 227,01:30 pm - 02:40 pm,MTh,Cord Whitaker,,LL,More
23977,ENG 295 - 01,Harlem Renaissance,20,0 / 20,Green Hall 136C,02:50 pm - 04:00 pm,MTh,Octavio Gonzalez,,"HS, LL",More
24351,ENG 301 - 01,Advanced Fiction Workshop,12,0 / 12,Founders Hall 121,06:30 pm - 09:00 pm,M,Margaret Cezair-Thompson,,LL,More
20128,ENG 302 - 01,Advanced Writing/Poetry,11,1 / 12,Founders Hall 126,04:10 pm - 06:40 pm,M,Frank Bidart,,LL,More
24352,ENG 325 - 01,Tpc:Gender & Renaissance Stage,14,6 / 20,Founders Hall 102,09:50 am - 11:00 am,MTh,Sarah Wall-Randell,,,More
24000,ENG 345 - 01,Tpc: Keats: Lines of Influence,7,13 / 20,Pendleton Hall East 351,02:15 pm - 04:45 pm,W,Alison Hickey,,LL,More
22303,ENG 355 - 01,Tpc: Misfit Modernism,19,1 / 20,Founders Hall 225,11:10 am - 12:20 pm,MTh,Octavio Gonzalez,,LL,More
24353,ENG 365 - 01,Visions of American City,8,12 / 20,Founders Hall 317,11:10 am - 12:20 pm,TF,Kathleen Brogan,,LL,More
24489,ENG 381 - 01,"Literature, Truth, Reality",5,15 / 20,Clapp Library 346,02:50 pm - 04:00 pm,MTh,Yoon Lee,,LL,More
24002,ENG 387 - 01,Tpc: Wharton & Cather,5,15 / 20,Pendleton Hall East 251,01:30 pm - 02:40 pm,MTh,Susan Meyer,,LL,More
22915,ENG 390 - 01,CSPW: New York Review,10,2 / 12,Green Hall 136A,09:50 am - 12:20 pm,W,Daniel Chiasson,,LL,More
23082,ENGR 160 - 01,Fundamentals of Engr.,10,8 / 18,Science Center L024,01:30 pm - 04:00 pm,TF,Amy Banzaert,,"MM, NPS",More
20912,ES 102 - 01,Envir and Society: Climate Chg,29,1 / 30,Observatory 114,01:30 pm - 02:40 pm,TF,James Turner,,SBA,More
24282,ES 203 - 01,Cultures of Environmentalism,13,7 / 20,Pendleton Hall East 129,09:50 am - 11:00 am,TF,James Turner,,REP,More
23926,ES 214 - 01,Soc Cause & Conseq Env Probs,11,14 / 25,Pendleton Hall East 339,08:30 am - 09:40 am,MTh,Elizabeth DeSombre,,SBA,More
24283,ES 220 - 01,Env Limits & Conserv w/Lab,20,0 / 20,Observatory 123,09:50 am - 11:00 am,MTh,Alden Griffith,,"MM, NPS",More
24284,ES 220 - L01,LAB: Env Limits & Conserv,10,0 / 10,Observatory 123,08:30 am - 12:00 pm,W,Alden Griffith,,"MM, NPS",More
24553,ES 220 - L02,LAB: Env Limits & Conserv,10,0 / 10,Observatory 123,02:15 pm - 05:45 pm,W,Alden Griffith,,"MM, NPS",More
24490,ES 228 - 01,Environmental & Resource Econ,19,6 / 25,Pendleton Hall East 129,11:10 am - 12:20 pm,MTh,Alex Poterack,,SBA,More
20625,ES 300 - 01,Environmental Decision-making,6,14 / 20,Observatory 123,01:30 pm - 04:00 pm,T,Monica Higgins,,,More
24285,ES 325 - 01,Internatnl Environmental Law,27,0 / 25,Green Hall 130,11:10 am - 12:20 pm,MTh,Elizabeth DeSombre,,SBA,More
22916,ES 327 - 01,Sem:Tpc: Conservation Biology,12,0 / 12,Science Center 155,01:30 pm - 04:00 pm,T,Nicholas Rodenhouse,,NPS,More
24286,ES 383 - 01,The Science of Compliance,4,16 / 20,Science Center 270,01:30 pm - 02:40 pm,MTh,Monica Higgins,,NPS,More
21350,EXTD 128 - 01,Coastal Zone Management,4,1 / 5,Science Center 155,06:00 pm - 09:30 pm,Th,Jocelyne Dolce,,,More
20496,EXTD 225 - 01,Biology of Fishes,2,3 / 5,,06:00 pm - 09:30 pm,T,Jocelyne Dolce,,,More
20535,EXTD 226 - 01,Biology of Whales,0,5 / 5,,06:00 pm - 09:00 pm,W,Jocelyne Dolce,,,More
24558,EXTD 325 - 01,Individual and Society,6,9 / 15,Green Hall 136B,11:10 am - 12:20 pm,MTh,Anjali Prabhu,,REP,More
20001,FREN 102 - 01,Beginning French  II,7,11 / 18,Founders Hall 423  Founders Hall 120,09:50 am - 11:00 am 11:10 am - 12:20 pm,MTh W,Sylvaine Egron-Sparrow,,,More
20006,FREN 102 - 02,Beginning French  II,12,6 / 18,Founders Hall 307  Founders Hall 120,01:30 pm - 02:40 pm 11:10 am - 12:20 pm,MTh W,Scott Gunther,,,More
21044,FREN 202 - 01,Fren Lang Lit & Cult I,10,8 / 18,Green Hall 136B,09:50 am - 11:00 am,TWF,Codruta Morari,,LL,More
20026,FREN 202 - 02,Fren Lang Lit & Cult I,15,3 / 18,Green Hall 136C,08:30 am - 09:40 am,MWTh,Marie-Cecile Ganne-Schiermeier,,LL,More
20863,FREN 202 - 03,Fren Lang Lit & Cult I,17,1 / 18,Green Hall 136C,09:50 am - 11:00 am,MWTh,Marie-Cecile Ganne-Schiermeier,,LL,More
20796,FREN 203 - 01,Intensive French II,11,7 / 18,Founders Hall 126,08:30 am - 09:40 am,MWTh,Barry Lydgate,,LL,More
24355,FREN 206 - 01,Intermediate Spoken French,11,7 / 18,Green Hall 136C,01:30 pm - 02:40 pm,MTh,Sylvaine Egron-Sparrow,,LL,More
22918,FREN 207 - 01,Persp French Culture & Society,9,9 / 18,Green Hall 130,09:50 am - 11:00 am,TF,Venita Datta,,"LL, SBA",More
23496,FREN 210 - 01,Tpc: Classicism to Present,9,6 / 15,Green Hall 130,02:50 pm - 04:00 pm,MTh,Marie-Paule Tranvouez,,LL,More
20073,FREN 211 - 01,Studies in Language,15,0 / 15,Founders Hall 305,02:50 pm - 04:00 pm,TF,Helene Bilis,,LL,More
24356,FREN 225 - 01,The French Press,15,0 / 15,Founders Hall 227,04:10 pm - 05:20 pm,MTh,Scott Gunther,,"LL, SBA",More
22920,FREN 226 - 01,Speaking through Acting,14,0 / 14,Green Hall 428,02:50 pm - 04:00 pm,TF,Catherine Masson,,"ARS, LL",More
24357,FREN 231 - 01,Americans in Paris (in Eng),16,4 / 20,Green Hall 130,11:10 am - 12:20 pm,TF,Venita Datta,Paul Fisher,LL,More
23913,FREN 303 - 01,"Tpc: Women, Royalty & Power",12,0 / 12,Founders Hall 305,11:10 am - 12:20 pm,TF,Helene Bilis,,,More
24523,FREN 356 - 01,Shakespeare in French,7,5 / 12,Green Hall 428,01:30 pm - 02:40 pm,TF,Catherine Masson,,LL,More
23503,FREN 359 - 01,CSPW: Writ'gToChangeTheWorld,5,7 / 12,Clapp Library SANGER,02:50 pm - 05:20 pm,Th,Barry Lydgate,,LL,More
20690,GEOS 102 - 01,The Dynamic Earth w/Lab,15,13 / 28,Observatory 114,09:50 am - 11:00 am,MTh,Katrin Monecke,,NPS,More
20722,GEOS 102 - 02,The Dynamic Earth w/Lab,16,12 / 28,Observatory 114,08:30 am - 09:40 am,TF,David Hawkins,,NPS,More
20691,GEOS 102 - L01,LAB: The Dynamic Earth,5,9 / 14,Science Center E201,01:00 pm - 04:00 pm,M,Kathleen Gilbert,,NPS,More
23050,GEOS 102 - L02,LAB: The Dynamic Earth,13,1 / 14,Science Center E201,01:00 pm - 04:00 pm,T,Kathleen Gilbert,,NPS,More
20693,GEOS 102 - L03,LAB: The Dynamic Earth,9,5 / 14,Science Center E201,02:15 pm - 05:15 pm,W,Maria Waller,,NPS,More
20694,GEOS 102 - L04,LAB: The Dynamic Earth,4,10 / 14,Science Center E201,01:00 pm - 04:00 pm,Th,Maria Waller,,NPS,More
24559,GEOS 107 - 01,Dynamic Earth (no Lab),11,5 / 16,Science Center 200,01:30 pm - 02:40 pm,TF,James Besancon,,NPS,More
24359,GEOS 200 - 01,Evolution Earth Systems w/Lab,9,5 / 14,Science Center 200,01:30 pm - 04:00 pm,MTh,Katrin Monecke,,NPS,More
22925,GEOS 203 - 01,Earth Materials w/Lab,10,4 / 14,Science Center 213,08:30 am - 11:00 am,MTh,David Hawkins,,NPS,More
24360,GEOS 208 - 01,Oceanography,8,8 / 16,Science Center 200,11:10 am - 12:20 pm,MTh,James Besancon,,NPS,More
24361,GEOS 213 - 01,Planetary Geology,20,0 / 20,Observatory 114,02:50 pm - 04:00 pm,TF,Wesley Watters,,NPS,More
24362,GEOS 313 - 01,Advanced Planetary Geology,20,0 / 20,Observatory 114,02:50 pm - 04:00 pm,TF,Wesley Watters,,NPS,More
24363,GEOS 315 - 01,Enviro Geochemistry w/Lab,12,0 / 12,Observatory 123,09:50 am - 11:00 am,TF,Daniel Brabander,,"MM, NPS",More
24364,GEOS 315 - L01,LAB: Enviro Geochemistry,12,0 / 12,Science Center 211,02:15 pm - 05:15 pm,W,Daniel Brabander,,"MM, NPS",More
20007,GER 102 - 01,Beginning German II,20,5 / 25,Founders Hall 225,11:10 am - 12:20 pm,TWF,Thomas Nolden,,,More
20017,GER 102 - 02,Beginning German II,9,16 / 25,Founders Hall 128,11:10 am - 12:20 pm,MWTh,Mark Roemisch,,,More
20027,GER 202 - 01,Intermediate German II,6,19 / 25,Green Hall 330  Green Hall 330,01:30 pm - 02:40 pm 02:15 pm - 03:25 pm,MTh W,Mark Roemisch,,LL,More
24366,GER 239 - 01,Germany and Austria Today,8,17 / 25,Founders Hall 128,09:50 am - 11:00 am,MWTh,Mark Roemisch,,LL,More
24459,GER 286 - 01,Film & Propaganda in Nazi Germ,25,0 / 25,Collins Cinema CIN,02:50 pm - 05:20 pm,Th,Anjeana Hans,,"ARS, LL",More
24004,GER 389 - 01,Sem:Tpc:Culture& Ident Germany,5,20 / 25,Clapp Library 336,01:30 pm - 04:00 pm,T,Anjeana Hans,,,More
20008,GRK 102 - 01,Beginning Greek II,4,18 / 22,Founders Hall 227,08:50 am - 09:40 am,TWThF,Catherine Gilhuly,,,More
21155,GRK 202 - 01,Homer,1,19 / 20,Founders Hall 319  Founders Hall 319,11:10 am - 12:20 pm 11:10 am - 12:00 pm,MTh W,Bryan Burns,,LL,More
24365,GRK 306 - 01,Herodotus,3,22 / 25,Jewett Art Center 452,01:30 pm - 02:40 pm,TF,Carol Dougherty,,LL,More
20205,HEBR 102 - 01,Elementary Hebrew II,2,10 / 12,Clapp Library 346,09:50 am - 11:00 am,MWTh,Gil Chalamish,,,More
20206,HEBR 202 - 01,Intermediate Hebrew II,4,8 / 12,Clapp Library 346,11:10 am - 12:20 pm,MWTh,Gil Chalamish,,LL,More
24280,HIST 116 - 01,FYS: Vladimir Putin,14,1 / 15,Founders Hall 305,02:15 pm - 04:45 pm,W,Nina Tumarkin,,HS,More
24367,HIST 204 - 01,U.S. History since 1865,25,0 / 25,Founders Hall 102,09:50 am - 11:00 am,TF,Brenna Greer,,HS,More
20913,HIST 205 - 01,Making of the Modern World,29,0 / 25,Founders Hall 317,01:30 pm - 02:40 pm,MTh,Yoshihisa Matsusaka,,HS,More
24368,HIST 220 - 01,U.S. Consumerism,25,0 / 25,Founders Hall 102,01:30 pm - 02:40 pm,TF,Brenna Greer,,HS,More
24369,HIST 228 - 01,Swords and Scandals,30,0 / 30,Founders Hall 120,06:00 pm - 08:30 pm,W,Guy Rogers,,HS,More
24370,HIST 230 - 01,Greek History,7,18 / 25,Founders Hall 319,11:10 am - 12:20 pm,TF,Guy Rogers,,HS,More
23516,HIST 244 - 01,History of the American West,19,6 / 25,Pendleton Hall East 127,09:50 am - 11:00 am,TF,Ryan Quintana,,HS,More
24371,HIST 253 - 01,Native America,26,0 / 25,Founders Hall 126,11:10 am - 12:20 pm,TF,Katherine Grandjean,,HS,More
24372,HIST 269 - 01,Japan's Foreign Relations,20,5 / 25,Founders Hall 423,04:10 pm - 05:20 pm,MTh,Yoshihisa Matsusaka,,HS,More
24373,HIST 280 - 01,Tpcs in Chinese Commerce&Bus,25,0 / 25,Founders Hall 207,09:50 am - 11:00 am,MTh,C. Pat Giersch,,HS,More
24374,HIST 293 - 01,Changing Constr. of Gender,19,6 / 25,Founders Hall 207,11:10 am - 12:20 pm,MTh,Lidwien Kapteijns,,HS,More
24375,HIST 312 - 01,Sem: Understanding Race in USA,15,0 / 15,Founders Hall 305,09:50 am - 12:20 pm,W,Ryan Quintana,,HS,More
24376,HIST 320 - 01,Sem: History of American Food,16,0 / 15,Clapp Library 148,09:50 am - 12:20 pm,W,Katherine Grandjean,,HS,More
24377,HIST 328 - 01,Sem: History of Antisemitism,5,10 / 15,Pendleton Hall East 151,02:15 pm - 04:45 pm,W,Frances Malino,,HS,More
23880,HIST 395 - 01,Sem:Tpc:Ethnic & Rel. Violence,9,6 / 15,Jewett Art Center 454,02:50 pm - 05:20 pm,M,Lidwien Kapteijns,,HS,More
21018,HNUR 102 - 01,Elementary Hindi/Urdu,12,3 / 15,Founders Hall 120,08:30 am - 09:40 am,TWF,Neelima Shukla-Bhatt,,,More
21019,HNUR 202 - 01,Intermediate Hindi/Urdu,8,7 / 15,Founders Hall 120  Founders Hall 120,08:30 am - 09:40 am 12:30 pm - 01:20 pm,MTh Th,Richard Delacy,,LL,More
20602,ITAS 102 - 01,Beginning Italian 2,10,10 / 20,Founders Hall 317,08:30 am - 09:40 am,MWTh,Flavia Laviosa,,,More
20603,ITAS 102 - 02,Beginning Italian 2,14,6 / 20,Founders Hall 207,11:10 am - 12:20 pm,TWF,Serena Grattarola,,,More
21045,ITAS 202 - 01,Intermediate Italian II,6,14 / 20,Founders Hall 423,08:30 am - 09:40 am,TWF,Serena Grattarola,,LL,More
20787,ITAS 203 - 01,Intensive Italian 2,10,10 / 20,Green Hall 130  Green Hall 130,04:10 pm - 05:20 pm 12:30 pm - 01:20 pm,MWTh F,Daniela Bartalesi-Graf,,LL,More
24521,ITAS 274 - 01,Women in Love,3,17 / 20,Green Hall 136C,09:50 am - 11:00 am,TF,Sergio Parussa,,LL,More
24378,ITAS 320 - 01,Lanscape of Italian Poetry,7,13 / 20,Clapp Library SANGER,02:15 pm - 04:45 pm,W,Sergio Parussa,,LL,More
20220,JPN 102 - 01,Beginning Japanese II,15,0 / 15,Green Hall 236B,08:30 am - 09:40 am,MTThF,Eiko Torii-Williams,,,More
20221,JPN 102 - 02,Beginning Japanese II,8,7 / 15,Green Hall 136A,09:50 am - 11:00 am,MTThF,Eiko Torii-Williams,,,More
20222,JPN 202 - 01,Intermediate Japanese II,17,0 / 15,Green Hall 338,11:10 am - 12:20 pm,MTThF,Yoshimi Maeno,,LL,More
20223,JPN 232 - 01,Advncd Readings in Japanese II,5,10 / 15,Pendleton Hall West 001  Pendleton Hall West 001,01:30 pm - 02:40 pm 02:15 pm - 03:25 pm,MTh W,Yoshimi Maeno,,LL,More
24479,JPN 290 - 01,"Geisha, Samurai, Tokyo",13,7 / 20,Pendleton Hall East 430,02:15 pm - 04:45 pm,W,Robert Goree,,LL,More
24379,JPN 314 - 01,Comtemporary Japanese Narrativ,7,8 / 15,Pendleton Hall East 349,01:30 pm - 02:40 pm,MTh,Eve Zimmerman,,LL,More
22893,JPN 353 - 01,Lady Murasaki & Tale of Genji,7,8 / 15,Alumnae Hall 102,09:50 am - 12:20 pm,W,Carolyn Morley,,LL,More
20794,KOR 102 - 01,Beginning Korean,9,6 / 15,Founders Hall 128,08:30 am - 09:40 am,MTThF,Seok Bae Jang,,,More
24562,KOR 102 - 02,Beginning Korean,9,6 / 15,Green Hall 338,09:50 am - 11:00 am,MTThF,Seok Bae Jang,,,More
20795,KOR 202 - 01,Intermediate Korean,7,8 / 15,Green Hall 236B,09:50 am - 11:00 am,MTThF,Sun-Hee Lee,,LL,More
23895,KOR 232 - 01,Advncd Intermediate Korean II,8,7 / 15,Founders Hall 128,01:30 pm - 02:40 pm,TF,Seok Bae Jang,,LL,More
20035,LAT 102 - 01,Beginning Latin II,13,29 / 42,Founders Hall 225,08:50 am - 09:40 am,TWThF,Elizabeth Young,,,More
20275,LAT 201 - 01,Interm Lat II:Vergil& Augustus,17,8 / 25,Founders Hall 225  Founders Hall 225,09:50 am - 11:00 am 10:10 am - 11:00 am,MTh W,Raymond Starr,,LL,More
24380,LAT 315 - 01,Ovid,9,16 / 25,Founders Hall 225,09:50 am - 11:00 am,TF,Elizabeth Young,,LL,More
20633,LING 114 - 01,Introduction to Linguistics,25,0 / 25,Green Hall 136B,02:50 pm - 04:00 pm,MTh,Angela Carpenter,,EC,More
24381,LING 238 - 01,Sociolinguistics,12,6 / 18,Green Hall 136C,11:10 am - 12:20 pm,TF,Andrea Levitt,,SBA,More
21147,LING 240 - 01,The Sounds of Language,8,7 / 15,Founders Hall 305,11:10 am - 12:20 pm,MTh,Angela Carpenter,,EC,More
24382,LING 322 - 01,Sem:Verbal Humor & Verbal Play,12,0 / 12,Green Hall 136B,01:30 pm - 04:00 pm,T,Andrea Levitt,,EC,More
24496,MAS 115 - 01,Computing for Socio-Techno Web,23,0 / 18,Science Center 268,09:50 am - 11:00 am,MTh,Orit Shaer,,MM,More
24497,MAS 115 - D01,Computing for Socio-Techno Web,16,0 / 13,Science Center E101,08:30 am - 09:40 am,F,Stella Kakavouli,,MM,More
24498,MAS 115 - D02,Computing for Socio-Techno Web,7,6 / 13,Science Center E101,09:50 am - 11:00 am,F,Stella Kakavouli,,MM,More
20579,MATH 101 - 01,Reasoning with Data,25,0 / 25,Science Center 270,08:30 am - 09:40 am,TWF,Karen Lange,,"MM, QRF",More
20018,MATH 115 - 01,Calculus I,25,0 / 25,Science Center E111,11:10 am - 12:20 pm,MWTh,Jonathan Tannenhauser,,MM,More
20028,MATH 115 - 02,Calculus I,15,10 / 25,Science Center 256,08:30 am - 09:40 am,TWF,Clara Chan,,MM,More
20036,MATH 116 - 01,Calculus II,16,9 / 25,Science Center 256,09:50 am - 11:00 am,TWF,Clara Chan,,MM,More
20047,MATH 116 - 02,Calculus II,22,3 / 25,Science Center 261  Science Center 261,02:50 pm - 04:00 pm 03:35 pm - 04:45 pm,MTh W,Charles Bu,,MM,More
20219,MATH 116 - 03,Calculus II,24,1 / 25,Science Center 256,11:10 am - 12:20 pm,TWF,Stanley Chang,,MM,More
24467,MATH 203 - 01,Math for Economics and Finance,21,4 / 25,Science Center 261  Science Center 261,01:30 pm - 02:40 pm 02:15 pm - 03:25 pm,MTh W,Charles Bu,,MM,More
20074,MATH 205 - 01,Multivariable Calculus,17,8 / 25,Science Center 261,08:30 am - 09:40 am,MWTh,Helen Wang,,MM,More
20080,MATH 205 - 02,Multivariable Calculus,25,0 / 25,Science Center 270,09:50 am - 11:00 am,TWF,Alexander Diesl,,MM,More
20093,MATH 205 - 03,Multivariable Calculus,15,10 / 25,Science Center 264  Science Center 264,01:30 pm - 02:40 pm 02:15 pm - 03:25 pm,TF W2,Philip Hirschhorn,,MM,More
20122,MATH 206 - 01,Linear Algebra,24,1 / 25,Science Center 261,09:50 am - 11:00 am,MWTh,Helen Wang,,MM,More
21695,MATH 206 - 02,Linear Algebra,22,3 / 25,Science Center 364  Science Center 364,01:30 pm - 02:40 pm 02:15 pm - 03:25 pm,MTh W,Ismar Volic,,MM,More
20840,MATH 210 - 01,Differential Equations,23,2 / 25,Science Center 268,11:10 am - 12:20 pm,MWTh,Oscar Fernandez,,MM,More
20135,MATH 220 - 01,Prob & Elem Statistics,25,0 / 25,Science Center 261,11:10 am - 12:20 pm,MWTh,Andrew Schultz,,"MM, QRF",More
24465,MATH 221 - 01,Statistical Inference,18,7 / 25,Science Center E211,09:50 am - 11:00 am,MWTh,Cassandra Pattanayak,,,More
20621,MATH 223 - 01,Number Theory,25,0 / 25,Science Center 380,08:30 am - 09:40 am,MWTh,Jonathan Tannenhauser,,MM,More
20314,MATH 225 - 01,Combinatorics&Graph Theory,25,0 / 25,Science Center 104,09:50 am - 11:00 am,MWTh,Ismar Volic,,MM,More
24466,MATH 225 - 02,Combinatorics&Graph Theory,25,0 / 25,Science Center 264  Science Center 264,02:50 pm - 04:00 pm 03:35 pm - 04:45 pm,TF W2,Philip Hirschhorn,,MM,More
20148,MATH 302 - 01,Elements of Analysis I,25,0 / 25,Science Center 268,08:30 am - 09:40 am,MWTh,Oscar Fernandez,,MM,More
21050,MATH 305 - 01,Abstract Algebra,22,3 / 25,Science Center 364,11:10 am - 12:20 pm,TWF,Martin Magid,,MM,More
20157,MATH 306 - 01,Tpc: Advanced Number Theory,15,0 / 15,Science Center 256  Science Center 256,01:30 pm - 02:40 pm 02:15 pm - 03:25 pm,MTh W,Andrew Schultz,,MM,More
23528,MATH 310 - 01,Complex Analysis,7,8 / 15,Science Center 364,09:50 am - 11:00 am,TWF,Stanley Chang,,MM,More
24468,MATH 340 - 01,CSPW: Explaining Math,12,0 / 12,Science Center 362,01:30 pm - 04:00 pm,F,Karen Lange,,MM,More
23529,MATH 349 - 01,Tpc: Algebraic Coding Theory,13,2 / 15,Science Center 270,11:10 am - 12:20 pm,TWF,Alexander Diesl,,MM,More
24383,ME/R 247 - 01,Arthurian Legends,29,1 / 30,Founders Hall 120,01:30 pm - 02:40 pm,MTh,Sarah Wall-Randell,,LL,More
24561,MES 267 - 01,Muslim Ethics,9,6 / 15,Founders Hall 121,08:30 am - 09:40 am,TF,Louise Marlow,,REP,More
24565,MES 347 - 01,Muslim Ethics,9,6 / 15,Founders Hall 121,08:30 am - 09:40 am,TF,Louise Marlow,,REP,More
23887,MUS 100 - 01,Musical Literacies,27,23 / 50,Jewett Art Center AUD,09:50 am - 11:00 am,MWTh,Lisa Graham,,ARS,More
20019,MUS 201 - 01,History of Western Music II,4,14 / 18,Jewett Art Center 218,11:10 am - 12:20 pm,MWTh,David Russell,,ARS,More
22332,MUS 209 - 01,History of Jazz,22,3 / 25,Jewett Art Center 209,09:50 am - 11:00 am,TF,Kariann Goldschmitt,,"ARS, HS",More
24384,MUS 230 - 01,"Opera:Its History,Music& Drama",18,0 / 18,Jewett Art Center 209,01:30 pm - 02:40 pm,MTh,Gurminder Bhogal,,ARS,More
20048,MUS 244 - 01,Tonal Counterpoint & Harmony,9,6 / 15,Jewett Art Center 209,11:10 am - 12:20 pm,TF,Jenny Tang,,ARS,More
24013,MUS 300 - 01,Sem: Global Music Industries,14,1 / 15,Jewett Art Center 218,01:30 pm - 02:40 pm,TF,Kariann Goldschmitt,,ARS,More
20258,MUS 344 - 01,Performance Workshop,7,18 / 25,Pendleton Hall West 101,02:15 pm - 04:45 pm,W,Jenny Tang,,ARS,More
20914,NEUR 100 - 01,Intro to Neuro w/Practicum,14,18 / 32,Science Center 396,08:30 am - 09:40 am,MTh,Deborah Bauer,,"EC, NPS",More
24524,NEUR 100 - 02,Introduction to Neuroscience,24,8 / 32,Science Center 396,11:10 am - 12:20 pm,TF,Sara Wasserman,,"EC, NPS",More
20916,NEUR 100 - L01,Pract: Intro. to  Neuroscience,11,5 / 16,Science Center 186,01:30 pm - 02:40 pm,M,Michael Wiest,,"EC, NPS",More
20915,NEUR 100 - L02,Pract: Intro. to  Neuroscience,3,13 / 16,Science Center 186,03:10 pm - 04:20 pm,M,Michael Wiest,,"EC, NPS",More
24525,NEUR 100 - L03,Introduction to Neuroscience,15,1 / 16,Science Center 186,01:30 pm - 02:40 pm,Th,Sara Wasserman,,"EC, NPS",More
24526,NEUR 100 - L04,Introduction to Neuroscience,9,7 / 16,Science Center 186,03:10 pm - 04:20 pm,Th,Sara Wasserman,,"EC, NPS",More
24279,NEUR 125 - 01,"FYS: Brains, Minds & Machines",7,8 / 15,Science Center 104,09:50 am - 11:00 am,TF,Michael Wiest,Ellen Hildreth,NPS,More
24530,NEUR 125 - L01,"FYS: Brains, Minds & Machines",7,8 / 15,Science Center 257,02:15 pm - 04:05 pm,W,Ellen Hildreth,Michael Wiest,NPS,More
20979,NEUR 200 - 01,"Neur, Netwrks & Behavior w/Lab",20,4 / 24,Science Center 278,09:50 am - 11:00 am,TF,Barbara Beltz,,"EC, NPS",More
20980,NEUR 200 - L01,"LAB: Neur, Netwrks & Behavior",9,3 / 12,Science Center 318,12:30 pm - 04:00 pm,T,Virginia Quinan,,"EC, NPS",More
20981,NEUR 200 - L02,"LAB: Neur, Netwrks & Behavior",11,1 / 12,Science Center 318,02:15 pm - 05:45 pm,W,Virginia Quinan,,"EC, NPS",More
24385,NEUR 305 - 01,"Excitation,Plasticty&Dis w/Lab",12,0 / 12,Science Center 261A,09:50 am - 11:00 am,TF,Deborah Bauer,,"EC, NPS",More
24386,NEUR 305 - L01,"LAB: Excitation,Plasticty&Dis",12,0 / 12,Science Center 318,01:30 pm - 05:00 pm,M,Virginia Quinan,,"EC, NPS",More
24387,NEUR 306 - 01,Princpls Neural Devlpmnt,12,0 / 12,Science Center 267,09:50 am - 11:00 am,MTh,Barbara Beltz,,"EC, NPS",More
23898,NEUR 325 - 01,"Sleep, Learning & Memory w/Lab",11,1 / 12,Science Center 380,11:10 am - 12:20 pm,TF,Sharon Gobes,,"EC, NPS,",More
24025,NEUR 325 - L01,"LAB: Sleep, Learning & Memory",11,1 / 12,Science Center 186A,12:30 pm - 04:00 pm,T,Sharon Gobes,,"EC, NPS,",More
24469,NEUR 333 - 01,Sem: Neuroengineering,12,0 / 12,Science Center 155,05:30 pm - 08:00 pm,M,Ming-fai Fong,,NPS,More
24388,PE 205 - 01,SportsMedi-Lower Extremity,12,4 / 16,Keohane Sports Center 205  Keohane Sports Center 205,08:30 am - 09:40 am 11:10 am - 12:20 pm,MTh W,Connie Bauman,Niki Rybko,,More
21199,PEAC 104 - 01,Intro Peace/Conflict/Justice,32,0 / 25,Founders Hall 207,09:50 am - 11:00 am,TF,Catia Confortini,,"REP, SBA",More
21293,PEAC 204 - 01,Conflict Transformation,15,0 / 15,Green Hall 136C,01:30 pm - 02:40 pm,TF,Catia Confortini,,SBA,More
20010,PHIL 103 - 01,Self&World:IntroMetaphy&Epist,14,16 / 30,Founders Hall 319,09:50 am - 11:00 am,TF,Mary McGowan,,EC,More
20020,PHIL 106 - 01,Intro to Moral Philosophy,27,3 / 30,Science Center 364,08:30 am - 09:40 am,MTh,Julie Walsh,,REP,More
24389,PHIL 213 - 01,Justice,24,6 / 30,Founders Hall 126,01:30 pm - 02:40 pm,TF,Helena de Bres,,"REP, SBA",More
20081,PHIL 216 - 01,Logic,37,3 / 40,Pendleton Hall East 239,08:30 am - 09:40 am,TF,Mary McGowan,,EC,More
24390,PHIL 220 - 01,Philosophy of Literature,9,21 / 30,Founders Hall 423,11:10 am - 12:20 pm,TF,Helena de Bres,,REP,More
24391,PHIL 221 - 01,History of Modern Philosophy,23,7 / 30,Science Center 104,01:30 pm - 02:40 pm,MTh,Julie Walsh,,"EC, HS",More
24458,PHIL 228 - 01,Black Fem Philosophy,30,0 / 30,Founders Hall 423,02:50 pm - 04:00 pm,MTh,Lindsey Stewart,,REP,More
24392,PHIL 245 - 01,Agency and Motivation,5,25 / 30,Founders Hall 319,09:50 am - 11:00 am,MTh,Alison McIntyre,,EC,More
23874,PHIL 249 - 01,Medical Ethics,30,0 / 30,Pendleton Hall East 327,11:10 am - 12:20 pm,MTh,Corinne Gartner,,REP,More
24513,PHIL 310 - 01,Sem:Tpc:Anc. Theories Pleasure,8,8 / 16,Pendleton Hall East 430,02:50 pm - 05:20 pm,M,Corinne Gartner,,,More
24393,PHIL 311 - 01,Sem: Powers of Imagination,15,1 / 16,Jewett Art Center 452,02:15 pm - 04:45 pm,W,Catherine Wearing,,EC,More
24394,PHIL 345 - 01,"Sem:Tpc: Empathy, Persp, Moral",15,1 / 16,Pendleton Hall East 430,06:00 pm - 08:30 pm,T,Alison McIntyre,,EC,More
24277,PHYS 100 - 01,FYS: Einstein & the Dark Univ,12,0 / 12,Science Center E111,03:00 pm - 04:30 pm,MTh,James Battat,,"MM, NPS",More
23032,PHYS 104 - 01,Fundamentals Mechanics w/Lab,32,0 / 32,Science Center 396,11:10 am - 12:20 pm,MWTh,Theodore Ducas,,"MM, NPS",More
20481,PHYS 104 - L01,LAB: Fundamentals  Mechanics,16,0 / 16,Science Center E311,02:15 pm - 05:15 pm,W,Lauri Wardell,,"MM, NPS",More
20482,PHYS 104 - L02,LAB: Fundamentals  Mechanics,16,0 / 16,Science Center E311,01:30 pm - 04:30 pm,Th,Lauri Wardell,,"MM, NPS",More
20029,PHYS 106 - 01,"Fund. Elec,Magn,&Optics w/Lab",40,2 / 42,Science Center 396,08:30 am - 09:40 am,TWF,Jerome Fung,,"MM, NPS",More
20068,PHYS 106 - L01,"LAB: Fund Elec, Magn,&Optics",15,0 / 14,Science Center E326,01:30 pm - 04:30 pm,M,George Caplan,,"MM, NPS",More
20071,PHYS 106 - L02,"LAB: Fund Elec, Magn,&Optics",14,0 / 14,Science Center E326,01:00 pm - 04:00 pm,T,Tracy McAskill,,"MM, NPS",More
20082,PHYS 106 - L03,"LAB: Fund. Elec,Magn,&Optics",11,3 / 14,Science Center E326,02:15 pm - 05:15 pm,W,George Caplan,,"MM, NPS",More
20111,PHYS 107 - 01,Princip& Applc.Mechanics w/Lab,26,6 / 32,Science Center E319,09:50 am - 11:00 am,TWF,Tracy McAskill,,"MM, NPS",More
20129,PHYS 107 - L01,LAB: Princip & Applc.Mechanics,16,0 / 16,Science Center E319,01:30 pm - 04:30 pm,M,Tracy McAskill,,"MM, NPS",More
20132,PHYS 107 - L02,LAB: Princip & Applc.Mechanics,10,6 / 16,Science Center E319,01:00 pm - 04:00 pm,F,Tracy McAskill,,"MM, NPS",More
20149,PHYS 108 - 01,"Applc Elec,Magn&Optics w/Lab",32,4 / 36,Science Center E319,11:10 am - 12:20 pm,MWTh,Robert Berg,,"MM, NPS",More
20233,PHYS 108 - L01,"LAB: Applc Elec,Magn&Optics",18,0 / 18,Science Center E315,01:30 pm - 04:30 pm,M,Lauri Wardell,,"MM, NPS",More
20234,PHYS 108 - L02,"LAB: Applc Elec,Magn&Optics",14,4 / 18,Science Center E315,01:00 pm - 04:00 pm,T,Lauri Wardell,,"MM, NPS",More
21296,PHYS 207 - 01,Intermediate Mechanics,22,3 / 25,Science Center E111,08:30 am - 09:40 am,MWTh,Robert Berg,,"MM, NPS",More
24457,PHYS 210 - 01,TechniquesforExperimentalists,17,3 / 20,Science Center E225,01:00 pm - 04:00 pm,TF,James Battat,Jerome Fung,"MM, NPS",More
20632,PHYS 216 - 01,Math for the Sciences II,24,1 / 25,Science Center 396,09:50 am - 11:00 am,MWTh,Yue Hu,,MM,More
24499,PHYS 220 - 01,Computer Simulation Methods,4,8 / 12,Science Center 380  Science Center 380,01:30 pm - 03:30 pm 02:15 pm - 04:15 pm,M W,Yue Hu,,NPS,More
20620,PHYS 305 - 01,Stats Mechanics&Thermodynamics,13,12 / 25,Science Center 269  Science Center 269,01:30 pm - 02:40 pm 02:15 pm - 03:25 pm,MTh W,Theodore Ducas,,"MM, NPS",More
22961,PHYS 310 - 01,Experimental Physics,17,3 / 20,Science Center E225,01:00 pm - 04:00 pm,TF,James Battat,Jerome Fung,"MM, NPS",More
24395,PHYS 320 - 01,Advanced Topics in Physics,11,9 / 20,Science Center 364  Science Center 364,02:50 pm - 04:00 pm 03:35 pm - 04:45 pm,MTh W,Glenn Stark,,"MM, NPS",More
24396,POL 121 - 01,Amer War on Terror,18,2 / 20,Pendleton Hall East 251,01:30 pm - 02:40 pm,TF,Paul MacDonald,,SBA,More
24500,POL 123 - 01,Thinking About Politics,10,10 / 20,Pendleton Hall East 251,02:50 pm - 04:00 pm,MTh,Christopher Candland,,SBA,More
23861,POL 299 - 01,Intro Research Meth in PolSci,9,9 / 18,Pendleton Hall East 327,01:30 pm - 04:00 pm,MTh,Todd Belt,,"QRF, SBA",More
20049,POL1 200 - 01,American Politics,35,0 / 35,Pendleton Hall East 349,11:10 am - 12:20 pm,MTh,Todd Belt,,SBA,More
23626,POL1 200 - 02,American Politics,17,18 / 35,Pendleton Hall East 139,01:30 pm - 02:40 pm,TF,Tom Burke,,SBA,More
24501,POL1 247 - 01,Constitutional Law,20,15 / 35,Pendleton Hall East 430,09:50 am - 11:00 am,MTh,Nancy Scherer,,SBA,More
24398,POL1 300 - 01,Public Policymaking,30,5 / 35,Pendleton Hall East 127,11:10 am - 12:20 pm,TF,Tom Burke,,SBA,More
24399,POL1 316 - 01,Media in Amer Democracy,30,0 / 30,Pendleton Hall East 349,02:50 pm - 05:20 pm,Th,Marion Just,,SBA,More
24400,POL1 324 - 01,Sem: Gender and LawPOL,9,6 / 15,Pendleton Hall East 151,01:30 pm - 04:00 pm,M,Nancy Scherer,,SBA,More
23627,POL2 202 - 01,Comparative Politics,29,6 / 35,Pendleton Hall East 216,08:30 am - 09:40 am,MTh,Nadya Hajj,,SBA,More
23865,POL2 206 - 01,Politics of Russia & Eurasia,8,17 / 25,Pendleton Hall East 129,01:30 pm - 02:40 pm,MTh,Igor Logvinenko,,SBA,More
24401,POL2 208 - 01,Politics of China,19,16 / 35,Pendleton Hall East 349,11:10 am - 12:20 pm,TF,William Joseph,,SBA,More
23863,POL2 214 - 01,Soc Cause & Conseq Env Probs,11,14 / 25,Pendleton Hall East 339,08:30 am - 09:40 am,MTh,Elizabeth DeSombre,,SBA,More
24402,POL2 310 - 01,Sem: Community Development,9,6 / 15,Clapp Library 336,02:15 pm - 04:45 pm,W,Christopher Candland,,SBA,More
23548,POL2 358 - 01,Sem:Tpc: Arab-Israeli Conflict,10,5 / 15,Pendleton Hall East 251,09:50 am - 12:20 pm,Th,Nadya Hajj,,SBA,More
24404,POL2 383 - 01,Politics Intn'l of Migration,31,4 / 35,Pendleton Hall East 339,01:30 pm - 04:00 pm,T,Katharine Moon,,SBA,More
20096,POL3 221 - 01,World Politics,29,6 / 35,Pendleton Hall East 139,11:10 am - 12:20 pm,MTh,Igor Logvinenko,,SBA,More
21266,POL3 221 - 02,World Politics,35,0 / 35,Pendleton Hall East 216,09:50 am - 11:00 am,TF,Paul MacDonald,,SBA,More
24405,POL3 325 - 01,Internatnl Environmental Law,27,0 / 25,Green Hall 130,11:10 am - 12:20 pm,MTh,Elizabeth DeSombre,,SBA,More
24406,POL3 348 - 01,Sem: Pol of Global Inequality,8,7 / 15,Pendleton Hall East 151,09:50 am - 12:20 pm,W,Craig Murphy,,SBA,More
23859,POL3 351 - 01,Global Governance,10,25 / 35,Pendleton Hall East 139,09:50 am - 11:00 am,TF,Craig Murphy,,SBA,More
23552,POL4 201 - 01,Political Action and Dissent,35,0 / 35,Pendleton Hall East 239,09:50 am - 11:00 am,MTh,Laura Grattan,,REP,More
23856,POL4 242 - 01,Politics Age Extremes,24,11 / 35,Pendleton Hall East 349,09:50 am - 11:00 am,TF,Joel Krieger,,REP,More
24407,POL4 342 - 01,Whats Left of Left:Marxism Pol,6,29 / 35,Founders Hall 227,01:30 pm - 02:40 pm,TF,Joel Krieger,,"REP, SBA",More
23604,POL4 345 - 01,Sem: Race & Political Theory,11,4 / 15,Founders Hall 305,01:30 pm - 04:00 pm,Th,Laura Grattan,,REP,More
23007,PORT 203 - 01,Intensive Intermed. Portuguese,7,7 / 14,Green Hall 428  Green Hall 428,11:10 am - 12:20 pm 11:10 am - 12:50 pm,MTW Th,Antonio Igrejas,,LL,More
20012,PSYC 101 - 01,Intro to Psychology,12,13 / 25,Science Center 270,08:30 am - 09:40 am,MTh,Kyra Kulik-Johnson,,SBA,More
20021,PSYC 101 - 02,Intro to Psychology,25,0 / 25,Science Center 270,09:50 am - 11:00 am,MTh,Kyra Kulik-Johnson,,SBA,More
21630,PSYC 101 - 03,Intro. to Psychology,25,0 / 25,Science Center 268,09:50 am - 11:00 am,TF,Stephen Chen,,SBA,More
20689,PSYC 101 - 04,Intro to Psychology,23,2 / 25,Science Center 256,11:10 am - 12:20 pm,MTh,Kristen Poston,,SBA,More
24547,PSYC 101 - 05,Intro to Psychology,15,10 / 25,Science Center 264,01:30 pm - 02:40 pm,MTh,Kristen Poston,,SBA,More
20069,PSYC 205 - 01,Statistics w/Lab,25,0 / 25,Science Center 256,08:30 am - 09:40 am,MTh,Beth Hennessey,,"QRF, SBA",More
20112,PSYC 205 - 02,Statistics w/Lab,22,3 / 25,Science Center 274,01:30 pm - 02:40 pm,TF,Jonathan Cheek,,"QRF, SBA",More
22442,PSYC 205 - 03,Statistics w/Lab,25,0 / 25,Science Center 274,02:50 pm - 04:00 pm,MTh,Linda Carli,,"QRF, SBA",More
20083,PSYC 205 - 1LA,LAB: Statistics,13,0 / 13,Science Center 450,09:50 am - 11:00 am,M,Beth Hennessey,,"QRF, SBA",More
20097,PSYC 205 - 1LB,LAB: Statistics,12,0 / 12,Science Center 450,09:50 am - 11:00 am,Th,Beth Hennessey,,"QRF, SBA",More
20124,PSYC 205 - 2LA,LAB: Statistics,13,0 / 13,Science Center 450,02:15 pm - 03:25 pm,W,Jonathan Cheek,,"QRF, SBA",More
20127,PSYC 205 - 2LB,LAB: Statistics,9,3 / 12,Science Center 450,03:35 pm - 04:45 pm,W,Jonathan Cheek,,"QRF, SBA",More
22443,PSYC 205 - 3LA,LAB: Statistics,13,0 / 13,Science Center 569,04:10 pm - 05:20 pm,M,Linda Carli,,"QRF, SBA",More
22444,PSYC 205 - 3LB,LAB: Statistics,12,0 / 12,Science Center 569,04:10 pm - 05:20 pm,Th,Linda Carli,,"QRF, SBA",More
20130,PSYC 207 - 01,Developmental Psychology,30,0 / 30,Science Center 380,08:30 am - 09:40 am,TF,Tracy Gleason,,SBA,More
20138,PSYC 210 - 01,Social Psychology,30,0 / 30,Science Center 392,09:50 am - 11:00 am,TF,Angela Bahns,,SBA,More
20160,PSYC 212 - 01,Personality,16,14 / 30,Science Center 270,11:10 am - 12:20 pm,MTh,Julie Norem,,SBA,More
21056,PSYC 213 - 01,Abnormal Psychology,26,4 / 30,Science Center E211,08:30 am - 09:40 am,MTh,Paul Wink,,SBA,More
24408,PSYC 215 - 01,Psychology of Memory,30,0 / 30,Science Center 392,11:10 am - 12:20 pm,TF,Margaret Keane,,"EC, SBA",More
24409,PSYC 217 - 01,Cognition,28,2 / 30,Science Center 104,11:10 am - 12:20 pm,TF,Amy Smith,,"EC, SBA",More
22369,PSYC 219 - 01,Biological  Psychology,16,14 / 30,Science Center 364,09:50 am - 11:00 am,MTh,Amanda Lyall,,"EC, SBA",More
24410,PSYC 222 - 01,Asian American Psychology,21,9 / 30,Science Center 270,01:30 pm - 02:40 pm,TF,Stephen Chen,,SBA,More
24411,PSYC 237 - 01,Breaking the Glass Ceiling,15,0 / 15,Clapp Library 209,11:10 am - 12:20 pm,TF,Ophera Davis,,SBA,More
24412,PSYC 306R - 01,Resrch Methds Devel Psychology,7,3 / 10,Science Center 569,08:30 am - 11:00 am,TF,Beth Hennessey,,SBA,More
23789,PSYC 308 - 01,Systems of Psychotherapy,9,6 / 15,Science Center 392,01:30 pm - 04:00 pm,M,Paul Wink,,SBA,More
21550,PSYC 310R - 01,Res Meths in Social Psych,10,0 / 10,Science Center 450,01:30 pm - 04:00 pm,TF,Robin Akert,,SBA,More
23852,PSYC 313R - 01,Res Meths in Abnormal Psych,7,3 / 10,Science Center 450,01:30 pm - 04:00 pm,MTh,Jonathan Cheek,,SBA,More
24413,PSYC 315R - 01,Res Meths in Cognit Variation,10,0 / 10,Science Center 450,08:30 am - 11:00 am,TF,Jeremy Wilmer,,"EC, SBA",More
24414,PSYC 328 - 01,"Sem: Genes,Brains & Human Vari",17,0 / 15,Science Center 468,02:15 pm - 04:45 pm,W,Jeremy Wilmer,,"EC, SBA",More
23851,PSYC 330 - 01,Psychology of Law,22,3 / 25,Science Center 274,11:10 am - 12:20 pm,MTh,Linda Carli,,SBA,More
24415,PSYC 332 - 01,Sem: Personality & Motivation,8,7 / 15,Science Center 468,01:30 pm - 04:00 pm,Th,Julie Norem,,SBA,More
24416,PSYC 336 - 01,Sem: Postcolonial Psychology,10,5 / 15,Science Center 468,01:30 pm - 04:00 pm,F,Heather Macdonald,,SBA,More
23850,PSYC 337 - 01,Sem: Prejudice & Discrimntion,11,4 / 15,Science Center 468,01:30 pm - 04:00 pm,T,Angela Bahns,,SBA,More
24417,PSYC 338 - 01,Social Influence,15,0 / 15,Science Center 278,01:30 pm - 04:00 pm,Th,Robin Akert,,SBA,More
20476,QR 140 - 01,Intro Quantitative Reasoning,7,8 / 15,Clapp Library 141  Clapp Library 131,08:30 am - 09:40 am 08:30 am - 09:40 am,MTh W,Corrine Taylor,,QRB,More
23849,QR 180 - 01,Stat Analysis Education Issues,15,0 / 15,Clapp Library 141  Clapp Library 131,11:10 am - 12:20 pm 11:10 am - 12:20 pm,MTh W,Corrine Taylor,,"QRF, SBA",More
24418,RAST 222 - 01,Firebird! Russian Arts,14,11 / 25,Founders Hall 102,01:30 pm - 04:00 pm,Th,Nina Tumarkin,,ARS,More
24419,RAST 322 - 01,Firebird! Russian Arts,14,11 / 25,Founders Hall 102,01:30 pm - 04:00 pm,Th,Nina Tumarkin,,ARS,More
24420,REL 100 - 01,Religion Today,10,20 / 30,Jewett Art Center 450,11:10 am - 12:20 pm,MTh,Sharon Elkins,,REP,More
24421,REL 105 - 01,Study of New Testament,12,13 / 25,Founders Hall 128,02:50 pm - 04:00 pm,TF,Barbara Geller,,"HS, REP",More
24422,REL 205 - 01,Wisdom Literature Hebrew Bible,9,16 / 25,Founders Hall 128,07:00 pm - 09:30 pm,M,Edward Silver,,"HS, REP",More
23565,REL 208 - 01,"Legend,Satire,Storytell'g Hebr",9,16 / 25,Founders Hall 317,09:50 am - 11:00 am,MTh,Edward Silver,,"HS, REP",More
24527,REL 220 - 01,Religious Themes Amer Fiction,13,12 / 25,Founders Hall 307,02:50 pm - 04:00 pm,MTh,Stephen Marini,,"LL, REP",More
24424,REL 225 - 01,Women in Christianity,12,13 / 25,Green Hall 136B,01:30 pm - 02:40 pm,MTh,Sharon Elkins,,"HS, REP",More
24560,REL 236 - 01,Divine Madness,26,0 / 25,Founders Hall 225,06:30 pm - 08:50 pm,W,Sara Lewis,,"REP, SBA",More
24426,REL 244 - 01,Jerusalem: The Holy City,9,16 / 25,Founders Hall 128,11:10 am - 12:20 pm,TF,Barbara Geller,,"HS, REP",More
24427,REL 255 - 01,Japanese Religion and Culture,10,15 / 25,Founders Hall 307,01:30 pm - 02:40 pm,TF,T. James Kodera,,"HS, REP",More
24428,REL 267 - 01,Muslim Ethics,9,6 / 15,Founders Hall 121,08:30 am - 09:40 am,TF,Louise Marlow,,REP,More
24502,REL 268 - 01,Religion and Culture in Egypt,9,6 / 15,Founders Hall 126,09:50 am - 11:00 am,TF,Louise Marlow,,"HS, REP",More
24563,REL 347 - 01,Muslim Ethics,9,6 / 15,Founders Hall 121,08:30 am - 09:40 am,TF,Louise Marlow,,REP,More
24564,REL 348 - 01,Religion and Culture in Egypt,9,6 / 15,Founders Hall 126,09:50 am - 11:00 am,TF,Louise Marlow,,"HS, REP",More
24430,REL 353 - 01,Sem: Zen Buddhism,6,9 / 15,Clapp Library 209,02:15 pm - 04:45 pm,W,T. James Kodera,,"HS, REP",More
20002,RUSS 102 - 01,Elementary Russian  II,14,16 / 30,Founders Hall 207  Founders Hall 207,08:30 am - 09:40 am 12:30 pm - 01:20 pm,MWTh F,Adam Weiner,Alla Epsteyn,,More
20011,RUSS 202 - 01,Intermediate Russian II,10,20 / 30,Founders Hall 102,11:10 am - 12:20 pm,TWF,Alla Epsteyn,,LL,More
24431,RUSS 276 - 01,Fedor Dostoevsky,8,22 / 30,Green Hall 136B,09:50 am - 11:00 am,MTh,Adam Weiner,,LL,More
24432,RUSS 277 - 01,Tolstoy : Russia's Ecclesiast,26,4 / 30,Founders Hall 128,09:50 am - 11:00 am,TF,Thomas Hodge,,LL,More
20803,RUSS 302 - 01,Tpc:Comedy Blockbusters,6,24 / 30,Green Hall 338,01:30 pm - 02:40 pm,TF,Alla Epsteyn,,LL,More
24433,RUSS 376 - 01,Fedor Dostoevsky,4,26 / 30,Founders Hall 207,12:30 pm - 01:20 pm,Th,Adam Weiner,,LL,More
23907,SOC 102 - 01,Soc Perspective: Intro to Soc,13,12 / 25,Pendleton Hall East 216,02:50 pm - 04:00 pm,MTh,Joshua McCabe,,SBA,More
24436,SOC 150 - 01,Individual and Society,18,7 / 25,Pendleton Hall East 351,09:50 am - 11:00 am,TF,Thomas Cushman,,"EC, SBA",More
20859,SOC 190 - 01,Intro Prob&Stats Methds w/Lab,28,2 / 30,Pendleton Hall East 130  Pendleton Hall East 130,08:30 am - 09:40 am 08:30 am - 09:40 am,MTh W1,Joseph Swingle,,"QRF, SBA",More
24539,SOC 190 - 02,Intro Prob&Stat Methods w/Lab,24,6 / 30,Pendleton Hall East 130  Pendleton Hall East 239,11:10 am - 12:20 pm 11:10 am - 12:20 pm,MTh W1,Phillip Levine,,"QRF, SBA",More
22426,SOC 190 - 03,Intro Prob&Statis Methds w/Lab,14,16 / 30,Pendleton Hall East 130  Pendleton Hall East 130,02:50 pm - 04:00 pm 03:35 pm - 04:45 pm,MTh W1,Phillip Levine,,"QRF, SBA",More
20861,SOC 190 - 1LA,LAB: Intro Prob&Stat Methods,15,0 / 15,Pendleton Hall East 130,09:50 am - 11:00 am,W,Joseph Swingle,,"QRF, SBA",More
20868,SOC 190 - 1LB,LAB: Intro Prob&Stat Methods,13,2 / 15,Pendleton Hall East 130,11:10 am - 12:20 pm,W,Joseph Swingle,,"QRF, SBA",More
24540,SOC 190 - 2LA,LAB: Intro Prob&Stat Methods,14,1 / 15,Pendleton Hall East 130,09:50 am - 11:00 am,T,Phillip Levine,,"QRF, SBA",More
24541,SOC 190 - 2LB,LAB: Intro Prob&Stat Methods,10,5 / 15,Pendleton Hall East 130,11:10 am - 12:20 pm,T,Phillip Levine,,"QRF, SBA",More
22424,SOC 190 - 3LA,LAB: Prob&Statistical Methods,9,6 / 15,Pendleton Hall East 130,01:30 pm - 02:40 pm,T,Phillip Levine,,"QRF, SBA",More
22425,SOC 190 - 3LB,LAB: Prob&Statistical Methods,5,10 / 15,Pendleton Hall East 130,02:50 pm - 04:00 pm,T,Phillip Levine,,"QRF, SBA",More
20022,SOC 201 - 01,Contemporary Social Theory,12,13 / 25,Pendleton Hall East 430,09:50 am - 12:20 pm,W,Markella Rutherford,,SBA,More
24437,SOC 205 - 01,Mod Fams&Social Inequalities,25,0 / 25,Founders Hall 102,11:10 am - 12:20 pm,MTh,Rosanna Hertz,,SBA,More
23829,SOC 220 - 01,Liberty and Morality,6,24 / 30,Pendleton Hall East 351,01:30 pm - 04:00 pm,T,Thomas Cushman,Jonathan Imber,SBA,More
23828,SOC 225 - 01,Urban Studies and Policy,15,15 / 30,Pendleton Hall East 239,08:30 am - 09:40 am,MTh,Peggy Levitt,,SBA,More
23575,SOC 251 - 01,Racial Regimes in US & Beyond,5,20 / 25,Founders Hall 423,01:30 pm - 04:00 pm,F,Mao-Mei Liu,,SBA,More
21575,SOC 290 - 01,Methods of Social Research,13,12 / 25,Pendleton Hall East 239  Pendleton Hall East 239,01:30 pm - 02:40 pm 02:15 pm - 03:25 pm,MTh W1,Joseph Swingle,,SBA,More
24438,SOC 306 - 01,Sem: Women and Work,15,0 / 15,Founders Hall 305,01:30 pm - 04:00 pm,M,Rosanna Hertz,,SBA,More
23822,SOC 314 - 01,Med Sociol & Soc Epidemiology,15,0 / 15,Pendleton Hall East 251,02:15 pm - 04:45 pm,W,Jonathan Imber,,SBA,More
24439,SOC 334 - 01,Consumer Culture,10,5 / 15,Pendleton Hall East 351,02:50 pm - 05:20 pm,M,Markella Rutherford,,SBA,More
20003,SPAN 102 - 01,Elementary Spanish II,12,4 / 16,Green Hall 330,08:30 am - 09:40 am,TWF,Nancy Hall,,,More
20013,SPAN 102 - 02,Elementary Spanish II,16,0 / 16,Founders Hall 307,11:10 am - 12:20 pm,MWTh,Eileen O'Connor,,,More
20037,SPAN 202 - 01,Intermediate Spanish II,18,0 / 18,Founders Hall 307,08:30 am - 09:40 am,MWTh,Veronica Darer,,LL,More
20050,SPAN 202 - 02,Intermediate Spanish II,18,0 / 18,Green Hall 330,09:50 am - 11:00 am,TWF,Nancy Hall,,LL,More
20059,SPAN 202 - 03,Intermediate Spanish II,18,0 / 18,Founders Hall 423  Founders Hall 423,01:30 pm - 02:40 pm 02:15 pm - 03:25 pm,MTh W,Eileen O'Connor,,LL,More
20070,SPAN 202 - 04,Intermediate Spanish II,17,1 / 18,Green Hall 130  Green Hall 130,01:30 pm - 02:40 pm 02:15 pm - 03:25 pm,TF W,Jill Syverson-Stork,,LL,More
20072,SPAN 241 - 01,Intro Hisp Sts Rep Revol &Arts,13,5 / 18,Green Hall 330,08:30 am - 09:40 am,MTh,Joy Renjilian-Burgy,,LL,More
21361,SPAN 241 - 02,Intro Hisp Sts Rep Revol &Arts,11,7 / 18,Green Hall 136A,11:10 am - 12:20 pm,TF,Marjorie Agosin,,LL,More
23578,SPAN 242 - 01,Literary Genres Spain & Lat Am,17,1 / 18,Founders Hall 423,09:50 am - 11:00 am,TF,Koichi Hagimoto,,LL,More
24557,SPAN 243 - 01,Spanish for Heritage Learners,14,0 / 14,Founders Hall 307,09:50 am - 11:00 am,MTh,Veronica Darer,,LL,More
24440,SPAN 256 - 01,Culture & Conflict 19C Spain,15,1 / 16,Green Hall 330,02:50 pm - 04:00 pm,TF,Carlos Ramos,,LL,More
23817,SPAN 265 - 01,Latin American Cinema,16,0 / 16,Green Hall 330,11:10 am - 01:20 pm,MTh,Joy Renjilian-Burgy,,"ARS, LL",More
24441,SPAN 268 - 01,Contemporary Spanish Cinema,16,0 / 16,Green Hall 428,01:30 pm - 02:40 pm,MTh,Inela Selimovic,,"ARS, LL",More
24442,SPAN 271 - 01,Afro-Hisp & Indigenous Writrs,16,0 / 16,Green Hall 330,09:50 am - 11:00 am,MTh,Evelina Guzauskyte,,LL,More
24443,SPAN 275 - 01,Making of Mod Lat Am Culture,16,0 / 16,Founders Hall 317,01:30 pm - 02:40 pm,TF,Koichi Hagimoto,,LL,More
24444,SPAN 301 - 01,Sem: New Argentine Cinema,10,5 / 15,Green Hall 438A,02:50 pm - 05:20 pm,M,Inela Selimovic,,LL,More
24445,SPAN 302 - 01,Cervantes,7,9 / 16,Green Hall 330,11:10 am - 12:20 pm,TF,Jill Syverson-Stork,,LL,More
24446,SPAN 307 - 01,Sem: Clthed/Naked Col Lat Amer,11,3 / 14,Founders Hall 207,01:30 pm - 04:00 pm,Th,Evelina Guzauskyte,,LL,More
24447,SPAN 324 - 01,Sem:Avantgard &Mdrnty in Spain,8,6 / 14,Green Hall 438A,06:00 pm - 08:30 pm,T,Carlos Ramos,,LL,More
22215,SWA 102 - 01,Elementary Swahili,6,9 / 15,Founders Hall 121,08:30 am - 09:40 am,MWTh,Geofred Osoro,,,More
22820,SWA 202 - 01,Intermediate Swahili II,4,11 / 15,Clapp Library 336,11:10 am - 12:20 pm,MWTh,Geofred Osoro,,LL,More
20014,THST 204 - 01,Introduction to Acting,16,0 / 16,Alumnae Hall AUD,09:50 am - 12:20 pm,W,Diego Arciniegas,,ARS,More
24449,THST 208 - 01,Intro to Stage Management,8,4 / 12,Alumnae Hall 303,01:30 pm - 02:40 pm,T,David Towlun,,ARS,More
24027,THST 215 - 01,"Twenty Plays, Twenty Years",6,9 / 15,Alumnae Hall 102,01:30 pm - 04:00 pm,M,Melinda Lopez,,ARS,More
21683,THST 222 - 01,Survey of Theatre Design,6,6 / 12,Alumnae Hall 303,09:50 am - 12:20 pm,Th,Chelsea Kerl,,ARS,More
23641,THST 253 - 01,Telling Stories in East Asia,8,7 / 15,Alumnae Hall 102,11:10 am - 12:20 pm,TF,Carolyn Morley,,"ARS, LL",More
24450,THST 306 - 01,The Directors Art,3,7 / 10,Alumnae Hall JONES,02:50 pm - 04:00 pm,MTh,Nora Hussey,,ARS,More
24451,THST 315 - 01,Acting Shakespeare,5,11 / 16,Alumnae Hall AUD,09:50 am - 12:20 pm,M,Diego Arciniegas,,ARS,More
23017,THST 353 - 01,Lady Murasaki & Tale of Genji,7,8 / 15,Alumnae Hall 102,09:50 am - 12:20 pm,W,Carolyn Morley,,LL,More
21020,WGST 120 - 01,Intro to Women's & Gender Stud,18,7 / 25,Green Hall 330,01:30 pm - 02:40 pm,TF,Elena Creef,,"LL, SBA",More
21021,WGST 120 - 02,Intro to Women's & Gender Stud,25,0 / 25,Founders Hall 319,01:30 pm - 02:40 pm,MTh,Shannon Weber,,"LL, SBA",More
24504,WGST 210 - 01,Contemporary Black Memoir,20,5 / 25,Founders Hall 126,09:50 am - 11:00 am,MTh,Leigh Gilmore,,LL,More
24452,WGST 211 - 01,Mod Fams&Social Inequalities,25,0 / 25,Founders Hall 102,11:10 am - 12:20 pm,MTh,Rosanna Hertz,,SBA,More
24453,WGST 216 - 01,Woman and Popular Culture,25,0 / 25,Green Hall 136B,11:10 am - 12:20 pm,TF,Irene Mata,,"ARS, SBA",More
23808,WGST 240 - 01,US Public Health:Theory&Pract.,24,1 / 25,Founders Hall 120,09:50 am - 11:00 am,TF,Charlene Galarneau,,SBA,More
24505,WGST 300 - 01,Pain as a Feminist Issue,15,0 / 15,Pendleton Hall East 349,09:50 am - 12:20 pm,W,Leigh Gilmore,,SBA,More
24454,WGST 306 - 01,Sem: Women and Work,15,0 / 15,Founders Hall 305,01:30 pm - 04:00 pm,M,Rosanna Hertz,,SBA,More
21593,WGST 312 - 01,Sem:Tpc: Feminist Roundtable,20,0 / 20,Founders Hall 319,04:10 pm - 06:40 pm,M,Nancy Marshall,,SBA,More
23988,WGST 318 - 01,"Transgender Lives, Activism",0,15 / 15,Founders Hall 121,02:50 pm - 05:20 pm,Th,Shannon Weber,,SBA,More
23805,WGST 321 - 01,Sem:GenderJustice&HealthPolicy,12,3 / 15,Founders Hall 121,01:30 pm - 04:00 pm,T,Charlene Galarneau,,REP,More
24455,WGST 326 - 01,Sem: Crossing the Border(s),15,0 / 15,Founders Hall 227,02:15 pm - 04:45 pm,W,Irene Mata,,LL,More
23770,WRIT 102 - 01,FYS: ANTH 115 Med Message II,15,0 / 15,Clapp Library 346,01:30 pm - 02:40 pm,MTh,Justin Armstrong,,"SBA, W",More
22109,WRIT 105 - 01,Eng120 Critical Interpretation,13,2 / 15,Founders Hall 305  Founders Hall 305,12:30 pm - 02:40 pm 01:30 pm - 02:40 pm,T F,Alison Hickey,,"LL, W",More
24275,WRIT 107 - 01,ARTH 100 Intro Art & Histories,12,3 / 15,Davis Museum 212  Davis Museum 212,02:50 pm - 04:00 pm 02:15 pm - 03:25 pm,TF W,Barbara Lynn-Davis,,"ARS, W",More
23773,WRIT 111 - 01,"CAMS115 Hitchcock, Auteur",11,5 / 16,Green Hall 136A  Collins Cinema CIN,02:50 pm - 04:00 pm 02:15 pm - 04:45 pm,MTh W,Winifred Wood,,"ARS, W",More
22111,WRIT 114 - 01,Educ 102 in Phil Perspective,14,1 / 15,Pendleton Hall East 251  Pendleton Hall East 251,11:10 am - 01:20 pm 11:10 am - 12:20 pm,T F,Kenneth Hawes,,"EC, W",More
24264,WRIT 115 - 01,ARTS 115 Word and Image Studio,15,0 / 15,Clapp Library 458,01:30 pm - 04:00 pm,MTh,Katherine Ruffin,,"ARS, W",More
23774,WRIT 121 - 01,Almost Touching the Skies,11,1 / 12,Clapp Library SANGER,01:30 pm - 02:40 pm,MTh,Heather Bryant,,W,More
24265,WRIT 122 - 01,Wellesley and the World,6,6 / 12,Clapp Library SANGER,09:50 am - 11:00 am,MTh,Jeannine Johnson,,W,More
24266,WRIT 132 - 01,Class Matters,14,0 / 12,Clapp Library 258,11:10 am - 12:20 pm,TF,Anne Brubaker,,W,More
24267,WRIT 136 - 01,Staging Science,16,0 / 16,Clapp Library 346,01:30 pm - 02:40 pm,TF,Anne Brubaker,,W,More
24005,WRIT 138 - 01,Art or Propaganda?,15,0 / 15,Clapp Library 336,09:50 am - 11:00 am,TF,Erin Battat,,W,More
23775,WRIT 140 - 01,Romantic Comedy,15,0 / 15,Founders Hall 227,02:50 pm - 04:00 pm,MTh,Vernon Shetley,,W,More
24268,WRIT 142 - 01,Latin American Writers,15,0 / 15,Green Hall 130,09:50 am - 11:00 am,MTh,Marjorie Agosin,,W,More
24269,WRIT 148 - 01,Sex in the Middle Ages,15,0 / 15,Green Hall 438A,11:10 am - 12:20 pm,MTh,Carlos Vega,,W,More
24270,WRIT 152 - 01,Growing Up in the Novel,14,1 / 15,Founders Hall 121,09:50 am - 11:00 am,MTh,Lisa Rodensky,,W,More
23768,WRIT 155 - 01,The Selfie in American Life,15,0 / 15,Clapp Library 148,11:10 am - 12:20 pm,MTh,Heather Bryant,,W,More
23769,WRIT 155 - 02,The Selfie in American Life,15,0 / 15,Clapp Library 148,08:30 am - 09:40 am,MTh,Heather Bryant,,W,More
23767,WRIT 156 - 01,Taste,14,1 / 15,Founders Hall 227,02:50 pm - 04:00 pm,TF,James Noggle,,W,More
24272,WRIT 158 - 01,Bestsellers after the Boom,16,0 / 16,Clapp Library 336,04:10 pm - 05:20 pm,MTh,Eileen O'Connor,,W,More
24273,WRIT 159 - 01,Graphic Novel,14,1 / 15,Green Hall 236B,01:30 pm - 02:40 pm,TF,David Ward,,W,More
23777,WRIT 161 - 01,Hidden Worlds,16,0 / 16,Clapp Library 346,04:10 pm - 05:20 pm,MTh,Justin Armstrong,,W,More
22128,WRIT 171 - 01,Influence of Place,15,0 / 15,Observatory 123,11:10 am - 12:20 pm,MTh,Marcia Thomas,,W,More
24274,WRIT 180 - 01,There's No Place Like Home,15,0 / 15,Founders Hall 121,09:50 am - 11:00 am,TF,Carol Dougherty,,W,More
24464,WRIT 201 - 01,Intensive Writing Workshop,3,7 / 10,Clapp Library 209,02:50 pm - 04:00 pm,TF,Lynne Viti,,,More
23382,WRIT 390 - 01,"CSPW:Law, Medicine and Ethics",12,0 / 12,Pendleton Hall East 351,02:50 pm - 05:20 pm,Th,Lynne Viti,,"LL, SBA",More