AFR,213
AFR,222
AFR,228
AFR,237
AFR,243
AFR,266
AFR,295
AFR,301
AFR,306
AFR,320
AMST,117
AMST,212
AMST,217
AMST,220
AMST,222
AMST,225
AMST,228
AMST,231
AMST,240
AMST,283
AMST,315
AMST,320
AMST,325
AMST,365
ANTH,104
ANTH,204
ANTH,209
ANTH,209
ANTH,209
ANTH,232
ANTH,246
ANTH,251
ANTH,278
ANTH,300
ANTH,319
ANTH,346
ARAB,102
ARAB,102
ARAB,202
ARAB,202
ARAB,210
ARAB,307
ARTH,100
ARTH,100
ARTH,100
ARTH,203
ARTH,206
ARTH,225
ARTH,228
ARTH,255
ARTH,259
ARTH,299
ARTH,309
ARTH,330
ARTH,341
ARTS,105
ARTS,105
ARTS,108
ARTS,109
ARTS,113
ARTS,165
ARTS,216
ARTS,217
ARTS,218
ARTS,221
ARTS,307
ARTS,308
ARTS,315
ARTS,323
ASTR,101
ASTR,101
ASTR,102
ASTR,102
ASTR,102
ASTR,110
ASTR,203
ASTR,210
ASTR,303
BABS,1000
BIOC,220
BIOC,220
BIOC,220
BIOC,220
BIOC,220
BIOC,220
BIOC,223
BIOC,223
BIOC,223
BIOC,223
BIOC,223
BIOC,331
BISC,108
BISC,110
BISC,110
BISC,110
BISC,110
BISC,110
BISC,110
BISC,110
BISC,110
BISC,111
BISC,111
BISC,111
BISC,111
BISC,111
BISC,111
BISC,111
BISC,111T
BISC,112
BISC,112
BISC,112
BISC,112
BISC,112
BISC,112
BISC,112
BISC,112
BISC,113
BISC,113
BISC,113
BISC,113
BISC,113
BISC,113
BISC,198
BISC,202
BISC,202
BISC,204
BISC,204
BISC,207
BISC,207
BISC,214
BISC,214
BISC,214
BISC,216
BISC,216
BISC,216
BISC,216
BISC,220
BISC,220
BISC,220
BISC,220
BISC,220
BISC,220
BISC,302
BISC,302
BISC,302
BISC,305
BISC,306
BISC,319
BISC,319
BISC,327
BISC,331
BISC,335
CAMS,101
CAMS,135
CAMS,138
CAMS,201
CAMS,218
CAMS,229
CAMS,232
CAMS,234
CAMS,239
CAMS,266
CAMS,286
CAMS,327
CAMS,338
CHEM,102
CHEM,102
CHEM,102
CHEM,105
CHEM,105
CHEM,105
CHEM,105
CHEM,105
CHEM,105
CHEM,205
CHEM,205
CHEM,205
CHEM,205
CHEM,205
CHEM,205
CHEM,205
CHEM,205
CHEM,205
CHEM,211
CHEM,211
CHEM,211
CHEM,211
CHEM,211
CHEM,211
CHEM,211
CHEM,211
CHEM,211
CHEM,212
CHEM,212
CHEM,212
CHEM,212
CHEM,212
CHEM,212
CHEM,212
CHEM,212
CHEM,212
CHEM,220
CHEM,223
CHEM,223
CHEM,223
CHEM,223
CHEM,223
CHEM,306
CHEM,318
CHEM,331
CHEM,335
CHEM,335
CHEM,341
CHEM,341
CHEM,341
CHEM,341
CHIN,102
CHIN,102
CHIN,104
CHIN,104
CHIN,202
CHIN,202
CHIN,204
CHIN,213
CHIN,223
CHIN,231
CHIN,245
CHIN,302
CHIN,313
CHIN,323
CHIN,331
CHIN,338
CHIN,345
CHIN,382
CLCV,106
CLCV,206
CLCV,213
CLCV,313
CPLT,200
CPLT,208
CPLT,359
CS,111
CS,111
CS,111
CS,111
CS,111
CS,111
CS,111
CS,111
CS,111
CS,111
CS,115
CS,115
CS,115
CS,125
CS,125
CS,220
CS,230
CS,230
CS,230
CS,230
CS,230
CS,230
CS,231
CS,235
CS,240
CS,240
CS,240
CS,240
CS,240
CS,240
CS,249
CS,251
CS,304
CS,315
CS,349
CS,349
EALC,121
EALC,253
EALC,345
ECON,101
ECON,101
ECON,101
ECON,101
ECON,102
ECON,102
ECON,102
ECON,102
ECON,103
ECON,103
ECON,103
ECON,103
ECON,103
ECON,103
ECON,103
ECON,103
ECON,103
ECON,201
ECON,201
ECON,202
ECON,202
ECON,202
ECON,203
ECON,203
ECON,203
ECON,210
ECON,213
ECON,220
ECON,222
ECON,228
ECON,229
ECON,241
ECON,322
ECON,323
ECON,326
ECON,327
ECON,335
ECON,341
ECON,380
EDUC,215
EDUC,302
EDUC,302
EDUC,303
EDUC,303
EDUC,305
EDUC,310
EDUC,312
EDUC,325
EDUC,334
ENG,112
ENG,113
ENG,117
ENG,120
ENG,120
ENG,203
ENG,203
ENG,204
ENG,206
ENG,206
ENG,213
ENG,224
ENG,234
ENG,247
ENG,251
ENG,254
ENG,262
ENG,273
ENG,277
ENG,283
ENG,289
ENG,291
ENG,295
ENG,301
ENG,302
ENG,325
ENG,345
ENG,355
ENG,365
ENG,381
ENG,387
ENG,390
ENGR,160
ES,102
ES,203
ES,214
ES,220
ES,220
ES,220
ES,228
ES,300
ES,325
ES,327
ES,383
EXTD,128
EXTD,225
EXTD,226
EXTD,325
FREN,102
FREN,102
FREN,202
FREN,202
FREN,202
FREN,203
FREN,206
FREN,207
FREN,210
FREN,211
FREN,225
FREN,226
FREN,231
FREN,303
FREN,356
FREN,359
GEOS,102
GEOS,102
GEOS,102
GEOS,102
GEOS,102
GEOS,102
GEOS,107
GEOS,200
GEOS,203
GEOS,208
GEOS,213
GEOS,313
GEOS,315
GEOS,315
GER,102
GER,102
GER,202
GER,239
GER,286
GER,389
GRK,102
GRK,202
GRK,306
HEBR,102
HEBR,202
HIST,116
HIST,204
HIST,205
HIST,220
HIST,228
HIST,230
HIST,244
HIST,253
HIST,269
HIST,280
HIST,293
HIST,312
HIST,320
HIST,328
HIST,395
HNUR,102
HNUR,202
ITAS,102
ITAS,102
ITAS,202
ITAS,203
ITAS,274
ITAS,320
JPN,102
JPN,102
JPN,202
JPN,232
JPN,290
JPN,314
JPN,353
KOR,102
KOR,102
KOR,202
KOR,232
LAT,102
LAT,201
LAT,315
LING,114
LING,238
LING,240
LING,322
MAS,115
MAS,115
MAS,115
MATH,101
MATH,115
MATH,115
MATH,116
MATH,116
MATH,116
MATH,203
MATH,205
MATH,205
MATH,205
MATH,206
MATH,206
MATH,210
MATH,220
MATH,221
MATH,223
MATH,225
MATH,225
MATH,302
MATH,305
MATH,306
MATH,310
MATH,340
MATH,349
ME/R,247
MES,267
MES,347
MUS,100
MUS,201
MUS,209
MUS,230
MUS,244
MUS,300
MUS,344
NEUR,100
NEUR,100
NEUR,100
NEUR,100
NEUR,100
NEUR,100
NEUR,125
NEUR,125
NEUR,200
NEUR,200
NEUR,200
NEUR,305
NEUR,305
NEUR,306
NEUR,325
NEUR,325
NEUR,333
PE,205
PEAC,104
PEAC,204
PHIL,103
PHIL,106
PHIL,213
PHIL,216
PHIL,220
PHIL,221
PHIL,228
PHIL,245
PHIL,249
PHIL,310
PHIL,311
PHIL,345
PHYS,100
PHYS,104
PHYS,104
PHYS,104
PHYS,106
PHYS,106
PHYS,106
PHYS,106
PHYS,107
PHYS,107
PHYS,107
PHYS,108
PHYS,108
PHYS,108
PHYS,207
PHYS,210
PHYS,216
PHYS,220
PHYS,305
PHYS,310
PHYS,320
POL,121
POL,123
POL,299
POL1,200
POL1,200
POL1,247
POL1,300
POL1,316
POL1,324
POL2,202
POL2,206
POL2,208
POL2,214
POL2,310
POL2,358
POL2,383
POL3,221
POL3,221
POL3,325
POL3,348
POL3,351
POL4,201
POL4,242
POL4,342
POL4,345
PORT,203
PSYC,101
PSYC,101
PSYC,101
PSYC,101
PSYC,101
PSYC,205
PSYC,205
PSYC,205
PSYC,205
PSYC,205
PSYC,205
PSYC,205
PSYC,205
PSYC,205
PSYC,207
PSYC,210
PSYC,212
PSYC,213
PSYC,215
PSYC,217
PSYC,219
PSYC,222
PSYC,237
PSYC,306R
PSYC,308
PSYC,310R
PSYC,313R
PSYC,315R
PSYC,328
PSYC,330
PSYC,332
PSYC,336
PSYC,337
PSYC,338
QR,140
QR,180
RAST,222
RAST,322
REL,100
REL,105
REL,205
REL,208
REL,220
REL,225
REL,236
REL,244
REL,255
REL,267
REL,268
REL,347
REL,348
REL,353
RUSS,102
RUSS,202
RUSS,276
RUSS,277
RUSS,302
RUSS,376
SOC,102
SOC,150
SOC,190
SOC,190
SOC,190
SOC,190
SOC,190
SOC,190
SOC,190
SOC,190
SOC,190
SOC,201
SOC,205
SOC,220
SOC,225
SOC,251
SOC,290
SOC,306
SOC,314
SOC,334
SPAN,102
SPAN,102
SPAN,202
SPAN,202
SPAN,202
SPAN,202
SPAN,241
SPAN,241
SPAN,242
SPAN,243
SPAN,256
SPAN,265
SPAN,268
SPAN,271
SPAN,275
SPAN,301
SPAN,302
SPAN,307
SPAN,324
SWA,102
SWA,202
THST,204
THST,208
THST,215
THST,222
THST,253
THST,306
THST,315
THST,353
WGST,120
WGST,120
WGST,210
WGST,211
WGST,216
WGST,240
WGST,300
WGST,306
WGST,312
WGST,318
WGST,321
WGST,326
WRIT,102
WRIT,105
WRIT,107
WRIT,111
WRIT,114
WRIT,115
WRIT,121
WRIT,122
WRIT,132
WRIT,136
WRIT,138
WRIT,140
WRIT,142
WRIT,148
WRIT,152
WRIT,155
WRIT,155
WRIT,156
WRIT,158
WRIT,159
WRIT,161
WRIT,171
WRIT,180
WRIT,201
WRIT,390
